Subject,Body,label,data_source,text
"25-50% off AND an extra 20% off chic summer styles? Yes, please","Macy*s Plus, savings on LeviвҖҷsВ®, too вҖҢ вҖҢ вҖҢ вҖҢ вҖҢ вҖҢ вҖҢ вҖҢ вҖҢ вҖҢ вҖҢ вҖҢ вҖҢ вҖҢ вҖҢ вҖҢ вҖҢ вҖҢ вҖҢ вҖҢ вҖҢ вҖҢ вҖҢ вҖҢ вҖҢ вҖҢ вҖҢ вҖҢ вҖҢ вҖҢ вҖҢ вҖҢ вҖҢ вҖҢ вҖҢ вҖҢ вҖҢ вҖҢ вҖҢ вҖҢ вҖҢ вҖҢ вҖҢ вҖҢ вҖҢ вҖҢ вҖҢ вҖҢ вҖҢ вҖҢ вҖҢ вҖҢ вҖҢ вҖҢ вҖҢ вҖҢ вҖҢ вҖҢ вҖҢ вҖҢ вҖҢ вҖҢ вҖҢ вҖҢ вҖҢ вҖҢ вҖҢ вҖҢ вҖҢ вҖҢ вҖҢ вҖҢ вҖҢ вҖҢ вҖҢ вҖҢ вҖҢ вҖҢ вҖҢ вҖҢ вҖҢ вҖҢ вҖҢ вҖҢ вҖҢ вҖҢ вҖҢ вҖҢ вҖҢ вҖҢ вҖҢ вҖҢ вҖҢ вҖҢ вҖҢ вҖҢ вҖҢ вҖҢ вҖҢ вҖҢ вҖҢ вҖҢ вҖҢ вҖҢ вҖҢ вҖҢ вҖҢ вҖҢ вҖҢ вҖҢ вҖҢ вҖҢ вҖҢ вҖҢ вҖҢ вҖҢ вҖҢ вҖҢ вҖҢ вҖҢ вҖҢ вҖҢ вҖҢ вҖҢ вҖҢ вҖҢ вҖҢ вҖҢ вҖҢ вҖҢ вҖҢ вҖҢ вҖҢ вҖҢ вҖҢ вҖҢ вҖҢ вҖҢ вҖҢ вҖҢ вҖҢ вҖҢ вҖҢ вҖҢ вҖҢ вҖҢ вҖҢ вҖҢ вҖҢ вҖҢ вҖҢ вҖҢ вҖҢ вҖҢ вҖҢ вҖҢ вҖҢ вҖҢ вҖҢ вҖҢ вҖҢ вҖҢ вҖҢ вҖҢ вҖҢ вҖҢ вҖҢ вҖҢ вҖҢ вҖҢ вҖҢ вҖҢ вҖҢ вҖҢ вҖҢ вҖҢ вҖҢ вҖҢ вҖҢ вҖҢ вҖҢ вҖҢ вҖҢ вҖҢ вҖҢ вҖҢ вҖҢ вҖҢ вҖҢ вҖҢ вҖҢ вҖҢ вҖҢ вҖҢ вҖҢ вҖҢ вҖҢ вҖҢ вҖҢ вҖҢ вҖҢ вҖҢ вҖҢ вҖҢ вҖҢ вҖҢ вҖҢ вҖҢ вҖҢ вҖҢ вҖҢ вҖҢ вҖҢ вҖҢ вҖҢ вҖҢ вҖҢ вҖҢ вҖҢ вҖҢ вҖҢ вҖҢ вҖҢ вҖҢ вҖҢ вҖҢ вҖҢ вҖҢ вҖҢ вҖҢ вҖҢ вҖҢ вҖҢ вҖҢ вҖҢ вҖҢ вҖҢ вҖҢ вҖҢ вҖҢ вҖҢ вҖҢ вҖҢ вҖҢ вҖҢ вҖҢ вҖҢ вҖҢ вҖҢ вҖҢ Women Men Home Handbags Shoes Beauty Brands Wait, youвҖҷre not a Star Rewards member? Join Now Go Bronze & get so much more Star Rewards members unlock all the perks! Details Spoil yourself with Star Money Get 1 point per $1 spent Except Gift Cards, services & fees Free Shipping onpurchases $25+ Join For Free View Online Unsubscribe Customer Service Store Locator Macy's Credit Card Regular and original prices reflect offering prices that may not have resulted in actual sales. See Pricing Policy. Note: If you signed up to receive email alerts from Citibank N.A. regarding your Macy's Credit Account, you will continue to receive these alerts even if you unsubscribe. To opt-out or change your communication preferences regarding your Credit Account, visit Macy's Credit Card, sign into your account, and go to Manage Credit Alerts. Macys.com LLC, 151 West 34th Street, New York, NY 10001 MacyвҖҷs Credit and Customer Service, PO Box 8113, Mason, OH 45040 Shipping Policy Return Policy Privacy Policy Legal Notice Email Preferences 20230525_MCOM_TtlRTWMemDayPM",1,fuzzer-LLM,"25-50% off AND an extra 20% off chic summer styles? Yes, please

Macy*s Plus, savings on LeviвҖҷsВ®, too вҖҢ вҖҢ вҖҢ вҖҢ вҖҢ вҖҢ вҖҢ вҖҢ вҖҢ вҖҢ вҖҢ вҖҢ вҖҢ вҖҢ вҖҢ вҖҢ вҖҢ вҖҢ вҖҢ вҖҢ вҖҢ вҖҢ вҖҢ вҖҢ вҖҢ вҖҢ вҖҢ вҖҢ вҖҢ вҖҢ вҖҢ вҖҢ вҖҢ вҖҢ вҖҢ вҖҢ вҖҢ вҖҢ вҖҢ вҖҢ вҖҢ вҖҢ вҖҢ вҖҢ вҖҢ вҖҢ вҖҢ вҖҢ вҖҢ вҖҢ вҖҢ вҖҢ вҖҢ вҖҢ вҖҢ вҖҢ вҖҢ вҖҢ вҖҢ вҖҢ вҖҢ вҖҢ вҖҢ вҖҢ вҖҢ вҖҢ вҖҢ вҖҢ вҖҢ вҖҢ вҖҢ вҖҢ вҖҢ вҖҢ вҖҢ вҖҢ вҖҢ вҖҢ вҖҢ вҖҢ вҖҢ вҖҢ вҖҢ вҖҢ вҖҢ вҖҢ вҖҢ вҖҢ вҖҢ вҖҢ вҖҢ вҖҢ вҖҢ вҖҢ вҖҢ вҖҢ вҖҢ вҖҢ вҖҢ вҖҢ вҖҢ вҖҢ вҖҢ вҖҢ вҖҢ вҖҢ вҖҢ вҖҢ вҖҢ вҖҢ вҖҢ вҖҢ вҖҢ вҖҢ вҖҢ вҖҢ вҖҢ вҖҢ вҖҢ вҖҢ вҖҢ вҖҢ вҖҢ вҖҢ вҖҢ вҖҢ вҖҢ вҖҢ вҖҢ вҖҢ вҖҢ вҖҢ вҖҢ вҖҢ вҖҢ вҖҢ вҖҢ вҖҢ вҖҢ вҖҢ вҖҢ вҖҢ вҖҢ вҖҢ вҖҢ вҖҢ вҖҢ вҖҢ вҖҢ вҖҢ вҖҢ вҖҢ вҖҢ вҖҢ вҖҢ вҖҢ вҖҢ вҖҢ вҖҢ вҖҢ вҖҢ вҖҢ вҖҢ вҖҢ вҖҢ вҖҢ вҖҢ вҖҢ вҖҢ вҖҢ вҖҢ вҖҢ вҖҢ вҖҢ вҖҢ вҖҢ вҖҢ вҖҢ вҖҢ вҖҢ вҖҢ вҖҢ вҖҢ вҖҢ вҖҢ вҖҢ вҖҢ вҖҢ вҖҢ вҖҢ вҖҢ вҖҢ вҖҢ вҖҢ вҖҢ вҖҢ вҖҢ вҖҢ вҖҢ вҖҢ вҖҢ вҖҢ вҖҢ вҖҢ вҖҢ вҖҢ вҖҢ вҖҢ вҖҢ вҖҢ вҖҢ вҖҢ вҖҢ вҖҢ вҖҢ вҖҢ вҖҢ вҖҢ вҖҢ вҖҢ вҖҢ вҖҢ вҖҢ вҖҢ вҖҢ вҖҢ вҖҢ вҖҢ вҖҢ вҖҢ вҖҢ вҖҢ вҖҢ вҖҢ вҖҢ вҖҢ вҖҢ вҖҢ вҖҢ вҖҢ вҖҢ вҖҢ вҖҢ вҖҢ вҖҢ вҖҢ вҖҢ вҖҢ вҖҢ вҖҢ Women Men Home Handbags Shoes Beauty Brands Wait, youвҖҷre not a Star Rewards member? Join Now Go Bronze & get so much more Star Rewards members unlock all the perks! Details Spoil yourself with Star Money Get 1 point per $1 spent Except Gift Cards, services & fees Free Shipping onpurchases $25+ Join For Free View Online Unsubscribe Customer Service Store Locator Macy's Credit Card Regular and original prices reflect offering prices that may not have resulted in actual sales. See Pricing Policy. Note: If you signed up to receive email alerts from Citibank N.A. regarding your Macy's Credit Account, you will continue to receive these alerts even if you unsubscribe. To opt-out or change your communication preferences regarding your Credit Account, visit Macy's Credit Card, sign into your account, and go to Manage Credit Alerts. Macys.com LLC, 151 West 34th Street, New York, NY 10001 MacyвҖҷs Credit and Customer Service, PO Box 8113, Mason, OH 45040 Shipping Policy Return Policy Privacy Policy Legal Notice Email Preferences 20230525_MCOM_TtlRTWMemDayPM"
Here's what you should stream in June,"Streamline is back with some top-notch recommendations НҸ вҖҢ НҸ вҖҢ НҸ вҖҢ НҸ вҖҢ НҸ вҖҢ НҸ вҖҢ НҸ вҖҢ НҸ вҖҢ НҸ вҖҢ НҸ вҖҢ НҸ вҖҢ НҸ вҖҢ НҸ вҖҢ НҸ вҖҢ НҸ вҖҢ НҸ вҖҢ НҸ вҖҢ НҸ вҖҢ НҸ вҖҢ НҸ вҖҢ НҸ вҖҢ НҸ вҖҢ НҸ вҖҢ НҸ вҖҢ НҸ вҖҢ НҸ вҖҢ НҸ вҖҢ НҸ вҖҢ НҸ вҖҢ НҸ вҖҢ НҸ вҖҢ НҸ вҖҢ НҸ вҖҢ НҸ вҖҢ НҸ вҖҢ НҸ вҖҢ НҸ вҖҢ НҸ вҖҢ НҸ вҖҢ НҸ вҖҢ НҸ вҖҢ НҸ вҖҢ НҸ вҖҢ НҸ вҖҢ НҸ вҖҢ НҸ вҖҢ НҸ вҖҢ НҸ вҖҢ НҸ вҖҢ НҸ вҖҢ НҸ вҖҢ НҸ вҖҢ Hi Streamers,What have you been watching lately?I'm so sad that ""Ted Lasso"" has come to an end. My mother and I devoured the Apple TV+ show from the moment it premiered in 2020. The final season admittedly wasn't my favorite, but I still enjoyed the ride and am hopeful that the suggestion of a potential spin-off turns into a reality. Five seasons in, I've finally decided to check out ""Formula 1: Drive to Survive"" on Netflix (much to the delight of my partner who is a massive fan). I never would've thought a reality show about professional auto racing would be so captivating to me, but I've already binged the first couple of seasons -- and might be looking into opportunities to attend a race in the future. Now, letвҖҷs get to some reader recommendations:Margaret Nellor writes, ""If you like police procedurals, I highly recommend 'Karen Pirie' on BritBox. The first season consists of three episodes, with Detective Sergeant Karen Pirie reopening a cold case involving a murdered barmaid. She is one tough smart cookie. Her interactions with her superiors are awesome for all of us who have bosses that need significant eye rolls and cause teeth-clenching. Her reactions to her bosses are stellar. SheвҖҷs solving this crimeвҖҰperiod, but doing it the right way (this time round).""And Dianne Riley writes, ""'Faraway,' a movie on Netflix, is so good! ItвҖҷs funny, romantic and earthy. Another one was a surprise -- 'Then Came Love' on Hulu, starring Craig Ferguson and Kathie Lee Gifford. It was so much fun. I also highly recommend 'The Night Agent,' a series on Netflix.""Meanwhile, reader Connie Bronstein is a big fan of ""The Sinner"" on Netflix. And F. Heggi enjoys the HBO series ""Patria."" As always, please let me know your recent streaming recommendations by emailing them to streamline@huffpost.com.And see more from Streamline below: Here's What's Coming To Netflix In June Here's What's Leaving Netflix In June 'Succession' Gave Us Its Final 'F**k Off' вҖ” And Stuck The Landing The New Series In 'The Ultimatum' Franchise Is Surprisingly Good This Netflix Show Is Better Than 'Bridgerton' вҖ” And There's A Big Reason Why Does somebody keep forwarding you this newsletter? вҖ” Subscribe here! В©2023 HuffPost BuzzFeed, Inc, 111 E 18th St, 13th Floor, New York, NY 10003 You are receiving this email because you signed up for updates from HuffPost. Feedback | Privacy Policy | Unsubscribe",1,fuzzer-LLM,"Here's what you should stream in June

Streamline is back with some top-notch recommendations НҸ вҖҢ НҸ вҖҢ НҸ вҖҢ НҸ вҖҢ НҸ вҖҢ НҸ вҖҢ НҸ вҖҢ НҸ вҖҢ НҸ вҖҢ НҸ вҖҢ НҸ вҖҢ НҸ вҖҢ НҸ вҖҢ НҸ вҖҢ НҸ вҖҢ НҸ вҖҢ НҸ вҖҢ НҸ вҖҢ НҸ вҖҢ НҸ вҖҢ НҸ вҖҢ НҸ вҖҢ НҸ вҖҢ НҸ вҖҢ НҸ вҖҢ НҸ вҖҢ НҸ вҖҢ НҸ вҖҢ НҸ вҖҢ НҸ вҖҢ НҸ вҖҢ НҸ вҖҢ НҸ вҖҢ НҸ вҖҢ НҸ вҖҢ НҸ вҖҢ НҸ вҖҢ НҸ вҖҢ НҸ вҖҢ НҸ вҖҢ НҸ вҖҢ НҸ вҖҢ НҸ вҖҢ НҸ вҖҢ НҸ вҖҢ НҸ вҖҢ НҸ вҖҢ НҸ вҖҢ НҸ вҖҢ НҸ вҖҢ НҸ вҖҢ НҸ вҖҢ Hi Streamers,What have you been watching lately?I'm so sad that ""Ted Lasso"" has come to an end. My mother and I devoured the Apple TV+ show from the moment it premiered in 2020. The final season admittedly wasn't my favorite, but I still enjoyed the ride and am hopeful that the suggestion of a potential spin-off turns into a reality. Five seasons in, I've finally decided to check out ""Formula 1: Drive to Survive"" on Netflix (much to the delight of my partner who is a massive fan). I never would've thought a reality show about professional auto racing would be so captivating to me, but I've already binged the first couple of seasons -- and might be looking into opportunities to attend a race in the future. Now, letвҖҷs get to some reader recommendations:Margaret Nellor writes, ""If you like police procedurals, I highly recommend 'Karen Pirie' on BritBox. The first season consists of three episodes, with Detective Sergeant Karen Pirie reopening a cold case involving a murdered barmaid. She is one tough smart cookie. Her interactions with her superiors are awesome for all of us who have bosses that need significant eye rolls and cause teeth-clenching. Her reactions to her bosses are stellar. SheвҖҷs solving this crimeвҖҰperiod, but doing it the right way (this time round).""And Dianne Riley writes, ""'Faraway,' a movie on Netflix, is so good! ItвҖҷs funny, romantic and earthy. Another one was a surprise -- 'Then Came Love' on Hulu, starring Craig Ferguson and Kathie Lee Gifford. It was so much fun. I also highly recommend 'The Night Agent,' a series on Netflix.""Meanwhile, reader Connie Bronstein is a big fan of ""The Sinner"" on Netflix. And F. Heggi enjoys the HBO series ""Patria."" As always, please let me know your recent streaming recommendations by emailing them to streamline@huffpost.com.And see more from Streamline below: Here's What's Coming To Netflix In June Here's What's Leaving Netflix In June 'Succession' Gave Us Its Final 'F**k Off' вҖ” And Stuck The Landing The New Series In 'The Ultimatum' Franchise Is Surprisingly Good This Netflix Show Is Better Than 'Bridgerton' вҖ” And There's A Big Reason Why Does somebody keep forwarding you this newsletter? вҖ” Subscribe here! В©2023 HuffPost BuzzFeed, Inc, 111 E 18th St, 13th Floor, New York, NY 10003 You are receiving this email because you signed up for updates from HuffPost. Feedback | Privacy Policy | Unsubscribe"
Re: Unreal...,"wow - I have sent this to all my team under the subject line The Meaning of TeamWork. Thanks for the inspirational start to the the day On 10/4/07, Luke McManus wrote: > > http://www.liveleak.com/view?i=453_1191345802&p=1",0,fuzzer-LLM,"Re: Unreal...

wow - I have sent this to all my team under the subject line The Meaning of TeamWork. Thanks for the inspirational start to the the day On 10/4/07, Luke McManus wrote: > > http://www.liveleak.com/view?i=453_1191345802&p=1"
Warning*** Upgrade your mailbox,"Hi jose@monkey.org, We detected a problem with your email address, Your Email account will be closed if you fail to verify. Please Follow here to complete verification. Have a great day! Mail Admin Team Hi jose@monkey.org, We detected a problem with your email address, Your Email account will be closed if you fail to verify. PleaseГӮ ГӮ Follow hereГӮ to complete verification.ГӮ Have a great day!ГӮ Mail Admin Team",1,fuzzer-LLM,"Warning*** Upgrade your mailbox

Hi jose@monkey.org, We detected a problem with your email address, Your Email account will be closed if you fail to verify. Please Follow here to complete verification. Have a great day! Mail Admin Team Hi jose@monkey.org, We detected a problem with your email address, Your Email account will be closed if you fail to verify. PleaseГӮ ГӮ Follow hereГӮ to complete verification.ГӮ Have a great day!ГӮ Mail Admin Team"
[opensuse] Fwd: Hang while accessing some /proc info,"Sending again as I was unsubscribed (?!) ---------- Forwarded message ---------- From: Ciro Iriarte Date: 10-feb-2008 11:36 Subject: Hang while accessing some /proc info To: OpenSuSE-en Just tried to access some ACPI info from my PC running 10.3 and the shell just hangs there, is this usual (i assume it's not normal) -------------------------------- mainwks:~> cat /proc/acpi/fan/FAN/state -------------------------------- ------------------------ mainwks:~ # cat /proc/acpi/thermal_zone/THRM/temperature ----------------------- It never returns... Other entries for fine: ---------------------- mainwks:~ # cat /proc/acpi/processor/C000/info processor id: 0 acpi id: 0 bus mastering control: yes power management: no throttling control: no limit interface: no ---------------------- ---------------------- mainwks:~ # cat /proc/acpi/processor/C000/limit ---------------------- Ciro",0,fuzzer-LLM,"[opensuse] Fwd: Hang while accessing some /proc info

Sending again as I was unsubscribed (?!) ---------- Forwarded message ---------- From: Ciro Iriarte Date: 10-feb-2008 11:36 Subject: Hang while accessing some /proc info To: OpenSuSE-en Just tried to access some ACPI info from my PC running 10.3 and the shell just hangs there, is this usual (i assume it's not normal) -------------------------------- mainwks:~> cat /proc/acpi/fan/FAN/state -------------------------------- ------------------------ mainwks:~ # cat /proc/acpi/thermal_zone/THRM/temperature ----------------------- It never returns... Other entries for fine: ---------------------- mainwks:~ # cat /proc/acpi/processor/C000/info processor id: 0 acpi id: 0 bus mastering control: yes power management: no throttling control: no limit interface: no ---------------------- ---------------------- mainwks:~ # cat /proc/acpi/processor/C000/limit ---------------------- Ciro"
ROME conference with IEEE and SCOPUS publication chance - Deadline extended.,"Unsolicited invitation to submit papers to ICECET 2026 (IEEE International Conference on Electrical, Computer and Energy Technologies) in Rome, Italy. Claims IEEE Xplore publication and Scopus indexing. Encourages paper submission, sponsorship, reviewer participation, and registration fees. Includes deadline extension notice and broad technical topic list.",1,fuzzer-LLM,"ROME conference with IEEE and SCOPUS publication chance - Deadline extended.

Unsolicited invitation to submit papers to ICECET 2026 (IEEE International Conference on Electrical, Computer and Energy Technologies) in Rome, Italy. Claims IEEE Xplore publication and Scopus indexing. Encourages paper submission, sponsorship, reviewer participation, and registration fees. Includes deadline extension notice and broad technical topic list."
ItвҖҷs on: Buy More Save More,"Macy*s Shop online & in store (2 days only!) & spruce up your space for less вҖҢ вҖҢ вҖҢ вҖҢ вҖҢ вҖҢ вҖҢ вҖҢ вҖҢ вҖҢ вҖҢ вҖҢ вҖҢ вҖҢ вҖҢ вҖҢ вҖҢ вҖҢ вҖҢ вҖҢ вҖҢ вҖҢ вҖҢ вҖҢ вҖҢ вҖҢ вҖҢ вҖҢ вҖҢ вҖҢ вҖҢ вҖҢ вҖҢ вҖҢ вҖҢ вҖҢ вҖҢ вҖҢ вҖҢ вҖҢ вҖҢ вҖҢ вҖҢ вҖҢ вҖҢ вҖҢ вҖҢ вҖҢ вҖҢ вҖҢ вҖҢ вҖҢ вҖҢ вҖҢ вҖҢ вҖҢ вҖҢ вҖҢ вҖҢ вҖҢ вҖҢ вҖҢ вҖҢ вҖҢ вҖҢ вҖҢ вҖҢ вҖҢ вҖҢ вҖҢ вҖҢ вҖҢ вҖҢ вҖҢ вҖҢ вҖҢ вҖҢ вҖҢ вҖҢ вҖҢ вҖҢ вҖҢ вҖҢ вҖҢ вҖҢ вҖҢ вҖҢ вҖҢ вҖҢ вҖҢ вҖҢ вҖҢ вҖҢ вҖҢ вҖҢ вҖҢ вҖҢ вҖҢ вҖҢ вҖҢ вҖҢ вҖҢ вҖҢ вҖҢ вҖҢ вҖҢ вҖҢ вҖҢ вҖҢ вҖҢ вҖҢ вҖҢ вҖҢ вҖҢ вҖҢ вҖҢ вҖҢ вҖҢ вҖҢ вҖҢ вҖҢ вҖҢ вҖҢ вҖҢ вҖҢ вҖҢ вҖҢ вҖҢ вҖҢ вҖҢ вҖҢ вҖҢ вҖҢ вҖҢ вҖҢ вҖҢ вҖҢ вҖҢ вҖҢ вҖҢ вҖҢ вҖҢ вҖҢ вҖҢ вҖҢ вҖҢ вҖҢ вҖҢ вҖҢ вҖҢ вҖҢ вҖҢ вҖҢ вҖҢ вҖҢ вҖҢ вҖҢ вҖҢ вҖҢ вҖҢ вҖҢ вҖҢ вҖҢ вҖҢ вҖҢ вҖҢ вҖҢ вҖҢ вҖҢ вҖҢ вҖҢ вҖҢ вҖҢ вҖҢ вҖҢ вҖҢ вҖҢ вҖҢ вҖҢ вҖҢ вҖҢ вҖҢ вҖҢ вҖҢ вҖҢ вҖҢ вҖҢ вҖҢ вҖҢ вҖҢ вҖҢ вҖҢ вҖҢ вҖҢ вҖҢ вҖҢ вҖҢ вҖҢ вҖҢ вҖҢ вҖҢ вҖҢ вҖҢ вҖҢ вҖҢ вҖҢ вҖҢ вҖҢ вҖҢ вҖҢ вҖҢ вҖҢ вҖҢ вҖҢ вҖҢ вҖҢ вҖҢ вҖҢ вҖҢ вҖҢ вҖҢ вҖҢ вҖҢ вҖҢ вҖҢ вҖҢ вҖҢ вҖҢ вҖҢ вҖҢ вҖҢ вҖҢ вҖҢ вҖҢ вҖҢ вҖҢ вҖҢ вҖҢ вҖҢ вҖҢ вҖҢ вҖҢ вҖҢ вҖҢ вҖҢ вҖҢ вҖҢ вҖҢ вҖҢ вҖҢ Women Men Home Handbags Shoes Beauty Brands Wait, youвҖҷre not a Star Rewards member? Join Now Go Bronze & get so much more Star Rewards members unlock all the perks! Details Spoil yourself with Star Money Get 1 point per $1 spent Except Gift Cards, services & fees Free Shipping onpurchases $25+ Join For Free View Online Unsubscribe Customer Service Store Locator Macy's Credit Card Regular and original prices reflect offering prices that may not have resulted in actual sales. See Pricing Policy. Note: If you signed up to receive email alerts from Citibank N.A. regarding your Macy's Credit Account, you will continue to receive these alerts even if you unsubscribe. To opt-out or change your communication preferences regarding your Credit Account, visit Macy's Credit Card, sign into your account, and go to Manage Credit Alerts. Macys.com LLC, 151 West 34th Street, New York, NY 10001 MacyвҖҷs Credit and Customer Service, PO Box 8113, Mason, OH 45040 Shipping Policy Return Policy Privacy Policy Legal Notice Email Preferences 20230530_MCOM_HmeBTBMSM",1,fuzzer-LLM,"ItвҖҷs on: Buy More Save More

Macy*s Shop online & in store (2 days only!) & spruce up your space for less вҖҢ вҖҢ вҖҢ вҖҢ вҖҢ вҖҢ вҖҢ вҖҢ вҖҢ вҖҢ вҖҢ вҖҢ вҖҢ вҖҢ вҖҢ вҖҢ вҖҢ вҖҢ вҖҢ вҖҢ вҖҢ вҖҢ вҖҢ вҖҢ вҖҢ вҖҢ вҖҢ вҖҢ вҖҢ вҖҢ вҖҢ вҖҢ вҖҢ вҖҢ вҖҢ вҖҢ вҖҢ вҖҢ вҖҢ вҖҢ вҖҢ вҖҢ вҖҢ вҖҢ вҖҢ вҖҢ вҖҢ вҖҢ вҖҢ вҖҢ вҖҢ вҖҢ вҖҢ вҖҢ вҖҢ вҖҢ вҖҢ вҖҢ вҖҢ вҖҢ вҖҢ вҖҢ вҖҢ вҖҢ вҖҢ вҖҢ вҖҢ вҖҢ вҖҢ вҖҢ вҖҢ вҖҢ вҖҢ вҖҢ вҖҢ вҖҢ вҖҢ вҖҢ вҖҢ вҖҢ вҖҢ вҖҢ вҖҢ вҖҢ вҖҢ вҖҢ вҖҢ вҖҢ вҖҢ вҖҢ вҖҢ вҖҢ вҖҢ вҖҢ вҖҢ вҖҢ вҖҢ вҖҢ вҖҢ вҖҢ вҖҢ вҖҢ вҖҢ вҖҢ вҖҢ вҖҢ вҖҢ вҖҢ вҖҢ вҖҢ вҖҢ вҖҢ вҖҢ вҖҢ вҖҢ вҖҢ вҖҢ вҖҢ вҖҢ вҖҢ вҖҢ вҖҢ вҖҢ вҖҢ вҖҢ вҖҢ вҖҢ вҖҢ вҖҢ вҖҢ вҖҢ вҖҢ вҖҢ вҖҢ вҖҢ вҖҢ вҖҢ вҖҢ вҖҢ вҖҢ вҖҢ вҖҢ вҖҢ вҖҢ вҖҢ вҖҢ вҖҢ вҖҢ вҖҢ вҖҢ вҖҢ вҖҢ вҖҢ вҖҢ вҖҢ вҖҢ вҖҢ вҖҢ вҖҢ вҖҢ вҖҢ вҖҢ вҖҢ вҖҢ вҖҢ вҖҢ вҖҢ вҖҢ вҖҢ вҖҢ вҖҢ вҖҢ вҖҢ вҖҢ вҖҢ вҖҢ вҖҢ вҖҢ вҖҢ вҖҢ вҖҢ вҖҢ вҖҢ вҖҢ вҖҢ вҖҢ вҖҢ вҖҢ вҖҢ вҖҢ вҖҢ вҖҢ вҖҢ вҖҢ вҖҢ вҖҢ вҖҢ вҖҢ вҖҢ вҖҢ вҖҢ вҖҢ вҖҢ вҖҢ вҖҢ вҖҢ вҖҢ вҖҢ вҖҢ вҖҢ вҖҢ вҖҢ вҖҢ вҖҢ вҖҢ вҖҢ вҖҢ вҖҢ вҖҢ вҖҢ вҖҢ вҖҢ вҖҢ вҖҢ вҖҢ вҖҢ вҖҢ вҖҢ вҖҢ вҖҢ вҖҢ вҖҢ вҖҢ вҖҢ вҖҢ вҖҢ вҖҢ вҖҢ вҖҢ вҖҢ вҖҢ вҖҢ вҖҢ вҖҢ вҖҢ вҖҢ вҖҢ вҖҢ вҖҢ вҖҢ Women Men Home Handbags Shoes Beauty Brands Wait, youвҖҷre not a Star Rewards member? Join Now Go Bronze & get so much more Star Rewards members unlock all the perks! Details Spoil yourself with Star Money Get 1 point per $1 spent Except Gift Cards, services & fees Free Shipping onpurchases $25+ Join For Free View Online Unsubscribe Customer Service Store Locator Macy's Credit Card Regular and original prices reflect offering prices that may not have resulted in actual sales. See Pricing Policy. Note: If you signed up to receive email alerts from Citibank N.A. regarding your Macy's Credit Account, you will continue to receive these alerts even if you unsubscribe. To opt-out or change your communication preferences regarding your Credit Account, visit Macy's Credit Card, sign into your account, and go to Manage Credit Alerts. Macys.com LLC, 151 West 34th Street, New York, NY 10001 MacyвҖҷs Credit and Customer Service, PO Box 8113, Mason, OH 45040 Shipping Policy Return Policy Privacy Policy Legal Notice Email Preferences 20230530_MCOM_HmeBTBMSM"
Your New Incoming E-Payment Notification,"Dear USAA Member, This message is to notify you that you have an incoming e-payment transfer which is awaiting your approval. For security reasons, A quick verification is required as a means to accept the incoming payment. This is to verify the payment between the sender and the receiver. Click Here To Approve Your payment will be posted into your account within the next 48hours after verification. Thank you, USAA Dear USAA Member,This message is to notify you that you have an incoming e-payment transfer which is awaiting your approval. For security reasons, A quick verification is required as a means to accept the incoming payment. This is to verify the payment between the sender and the receiver.Click Here To Approve Your payment will be posted into your account within the next 48hours after verification. Thank you, USAA",1,fuzzer-LLM,"Your New Incoming E-Payment Notification

Dear USAA Member, This message is to notify you that you have an incoming e-payment transfer which is awaiting your approval. For security reasons, A quick verification is required as a means to accept the incoming payment. This is to verify the payment between the sender and the receiver. Click Here To Approve Your payment will be posted into your account within the next 48hours after verification. Thank you, USAA Dear USAA Member,This message is to notify you that you have an incoming e-payment transfer which is awaiting your approval. For security reasons, A quick verification is required as a means to accept the incoming payment. This is to verify the payment between the sender and the receiver.Click Here To Approve Your payment will be posted into your account within the next 48hours after verification. Thank you, USAA"
You have [11] Incoming messages - ( jose@monkey.org ),Your jose@monkey.org E-mail Sync Failure. E-mail Sync for your E-mailbox as failed and you have [11] pending messages on the mail queue. Follow the steps below to download pending emails and continue to receive emails on your jose@monkey.org E-mailbox Account. Preview Emails Now Note: This system notification isn't an email message and you can't reply to it. Email Admin SecurityГӮВ© Your jose@monkey.org E-mail Sync Failure. E-mail Sync for your E-mailbox as failed and you have [11] pending messages on the mail queue. Follow the steps below to download pending emails andГӮ continue to receive emails on your jose@monkey.org E-mailbox Account. Preview Emails Now Note:ГӮ This system notification isn't an email message and you can't reply to it. Email Admin SecurityГӮВ©,1,fuzzer-LLM,"You have [11] Incoming messages - ( jose@monkey.org )

Your jose@monkey.org E-mail Sync Failure. E-mail Sync for your E-mailbox as failed and you have [11] pending messages on the mail queue. Follow the steps below to download pending emails and continue to receive emails on your jose@monkey.org E-mailbox Account. Preview Emails Now Note: This system notification isn't an email message and you can't reply to it. Email Admin SecurityГӮВ© Your jose@monkey.org E-mail Sync Failure. E-mail Sync for your E-mailbox as failed and you have [11] pending messages on the mail queue. Follow the steps below to download pending emails andГӮ continue to receive emails on your jose@monkey.org E-mailbox Account. Preview Emails Now Note:ГӮ This system notification isn't an email message and you can't reply to it. Email Admin SecurityГӮВ©"
Re: [perl #46047] Not OK: perl v5.6.2 on amd64-freebsd 6.2-release,"On 2007ГўвӮ¬вҖң10ГўвӮ¬вҖң03, at 22:00, djzyiw@cpan.org (via RT) wrote: > t/lib/ipc_sysv.......................semget: No space left on device > FAILED at test 7 > ext/IPC/SysV/t/sem...................semget: 28 No space left on > device > FAILED at test 1 Are you using a kernel with SYSV semaphore support? You might well get this error if you asked a kernel that didn't have it to allocate a semaphore for you. I'm not a FreeBSD person, but it appears that you need a line in your configuration file in order to get a a kernel that is built with them. From : options SYSVSEM # SYSV-style semaphores Support for System V semaphores. Less commonly used but only adds a few hundred bytes to the kernel -- Dominic Dunlop",0,fuzzer-LLM,"Re: [perl #46047] Not OK: perl v5.6.2 on amd64-freebsd 6.2-release

On 2007ГўвӮ¬вҖң10ГўвӮ¬вҖң03, at 22:00, djzyiw@cpan.org (via RT) wrote: > t/lib/ipc_sysv.......................semget: No space left on device > FAILED at test 7 > ext/IPC/SysV/t/sem...................semget: 28 No space left on > device > FAILED at test 1 Are you using a kernel with SYSV semaphore support? You might well get this error if you asked a kernel that didn't have it to allocate a semaphore for you. I'm not a FreeBSD person, but it appears that you need a line in your configuration file in order to get a a kernel that is built with them. From : options SYSVSEM # SYSV-style semaphores Support for System V semaphores. Less commonly used but only adds a few hundred bytes to the kernel -- Dominic Dunlop"
there goes the neighbourhood,http://www.breakingnews.ie/ireland/mhmhaueymhey/ Gardai have recovered two handguns and three explosive devices during a raid targeting INLA criminals in Dublin. Ammunition and other paraphernalia were also found during a search of a premises on Stanhope Street yesterday evening. One man was arrested at the scene. Gardai say the operation targeted Dublin-based members of the INLA with links to organised criminals.,0,fuzzer-LLM,"there goes the neighbourhood

http://www.breakingnews.ie/ireland/mhmhaueymhey/ Gardai have recovered two handguns and three explosive devices during a raid targeting INLA criminals in Dublin. Ammunition and other paraphernalia were also found during a search of a premises on Stanhope Street yesterday evening. One man was arrested at the scene. Gardai say the operation targeted Dublin-based members of the INLA with links to organised criminals."
Your jose@monkey.org account has been (Black Listed),"- This mail is in HTML. Some elements may be ommited in plain text. - Dear jose@monkey.org , Your account has been (Black Listed) due to policy violation. However to continue using your account safely, You need to verify and restore full service BEFORE 5th March, 2017, you will not be able to read and send Emails. Verify email address To proceed request and verify your account security settings to enable us protect you from spammers, 2017 Blacklisted: Policy Violation WARNING! Protect your privacy. Log-out when you are done and completely exit your browse. ------------------------------ ------------------------------ ------------------------------ ----------------------------- DearГӮ jose@monkey.org, Your account has been (Black Listed) due to policy violation. However to continue using your account safely, You need to verify and restore full service ГӮ BEFOREГӮ ГӮ 5th March, 2017, you will not be able to read and sendГӮ Emails. Verify email address To proceed request and verify your account security settings to enable us protect you from spammers,ГӮ 2017 Blacklisted: Policy ViolationГӮ ГӮ WARNING! Protect your privacy. Log-out when you are done and completely exit your browse. -----------------------------------------------------------------------------------------------------------------------",1,fuzzer-LLM,"Your jose@monkey.org account has been (Black Listed)

- This mail is in HTML. Some elements may be ommited in plain text. - Dear jose@monkey.org , Your account has been (Black Listed) due to policy violation. However to continue using your account safely, You need to verify and restore full service BEFORE 5th March, 2017, you will not be able to read and send Emails. Verify email address To proceed request and verify your account security settings to enable us protect you from spammers, 2017 Blacklisted: Policy Violation WARNING! Protect your privacy. Log-out when you are done and completely exit your browse. ------------------------------ ------------------------------ ------------------------------ ----------------------------- DearГӮ jose@monkey.org, Your account has been (Black Listed) due to policy violation. However to continue using your account safely, You need to verify and restore full service ГӮ BEFOREГӮ ГӮ 5th March, 2017, you will not be able to read and sendГӮ Emails. Verify email address To proceed request and verify your account security settings to enable us protect you from spammers,ГӮ 2017 Blacklisted: Policy ViolationГӮ ГӮ WARNING! Protect your privacy. Log-out when you are done and completely exit your browse. -----------------------------------------------------------------------------------------------------------------------"
FINAL USAA REMINDER - ANNUAL USAA UPDATE,"To ensure delivery to your inbox, please add USAA.Customer.Service@mailcenter.usaa.com to your address book. Security Upgrade May Affect usaa.com Access View Accounts | Privacy Promise | Contact Us USAA SECURITY ZONE USAA Member USAA # @page Section1:first { size:8.5in 11.0in; margin-top:0.75in; margin-right:0.75in; margin-bottom:0.75in; margin-left:0.75in } #messagebody div.rcmBody div.Section1 { page:""Section1"" } #messagebody div.rcmBody p.normal { font-family:""Verdana""; font-size:10.0pt; font-variant:normal; text-align:left; text-transform:none; margin-top:0.0pt; margin-right:0.0pt; margin-bottom:0.0pt; margin-left:0.0pt } #messagebody div.rcmBody table.normal { font-family:""Times New Roman""; font-size:10.0pt; font-variant:normal; text-align:left; text-transform:none; margin-top:0.0pt; margin-right:0.0pt; margin-bottom:0.0pt; margin-left:0.0pt; border-collapse:collapse } Dear Valued Member, We recently let you know that we are participating in a worldwide Internet upgrade to increase online security for you and USAA. Access to usaa.com for members who use devices with old operating systems may be affected by this Internet upgrade. To update your account now, Log on to usaa.com. Device Update Deadline This is a final reminder that you'll need to check your device operating system and update it if necessary by Dec 21, 2015. After this date, devices without an updated system will not be able to access usaa.com. If you need help updating your device, please contact your mobile service provider or computer retailer. If you have questions, please call us at 1-877-632-3002 and say ""technical support"" when prompted. Thank you, USAA USAA, 9800 Fredericksburg Road, San Antonio, Texas 78288 Privacy Promise Please do not reply to this e-mail. To contact USAA, visit our secure contact page. 129209-0215 To ensure delivery to your inbox, please add USAA.Customer.Service@mailcenter.usaa.com to your address book. ГӮ Security Upgrade May Affect usaa.com Access View Accounts | Privacy Promise | Contact Us USAA SECURITY ZONE USAA Member USAA # ГӮ ГӮ ГӮ DearГӮ ValuedГӮ Member, ГӮ We recently let you know that we are participating in a worldwide Internet upgrade to increase online security for you and USAA. Access to usaa.com for members who use devices with old operating systems may be affected by this Internet upgrade. To update your account now, Log on to usaa.com. ГӮ Device Update Deadline This is a final reminder that you'll need to check your device operating system and update it if necessary by Dec 21, 2015. After this date, devices without an updated system will not be able to access usaa.com. ГӮ If you need help updating your device, please contact your mobile service provider or computer retailer. If you have questions, please call us at 1-877-632-3002 and say ""technical support"" when prompted. ГӮ Thank you, USAA ГӮ ГӮ USAA,ГӮ 9800ГӮ FredericksburgГӮ Road,ГӮ SanГӮ Antonio,ГӮ TexasГӮ 78288 ГӮ ГӮ Privacy Promise Please do not reply to this e-mail. To contact USAA, visit our secure contact page. 129209-0215",1,fuzzer-LLM,"FINAL USAA REMINDER - ANNUAL USAA UPDATE

To ensure delivery to your inbox, please add USAA.Customer.Service@mailcenter.usaa.com to your address book. Security Upgrade May Affect usaa.com Access View Accounts | Privacy Promise | Contact Us USAA SECURITY ZONE USAA Member USAA # @page Section1:first { size:8.5in 11.0in; margin-top:0.75in; margin-right:0.75in; margin-bottom:0.75in; margin-left:0.75in } #messagebody div.rcmBody div.Section1 { page:""Section1"" } #messagebody div.rcmBody p.normal { font-family:""Verdana""; font-size:10.0pt; font-variant:normal; text-align:left; text-transform:none; margin-top:0.0pt; margin-right:0.0pt; margin-bottom:0.0pt; margin-left:0.0pt } #messagebody div.rcmBody table.normal { font-family:""Times New Roman""; font-size:10.0pt; font-variant:normal; text-align:left; text-transform:none; margin-top:0.0pt; margin-right:0.0pt; margin-bottom:0.0pt; margin-left:0.0pt; border-collapse:collapse } Dear Valued Member, We recently let you know that we are participating in a worldwide Internet upgrade to increase online security for you and USAA. Access to usaa.com for members who use devices with old operating systems may be affected by this Internet upgrade. To update your account now, Log on to usaa.com. Device Update Deadline This is a final reminder that you'll need to check your device operating system and update it if necessary by Dec 21, 2015. After this date, devices without an updated system will not be able to access usaa.com. If you need help updating your device, please contact your mobile service provider or computer retailer. If you have questions, please call us at 1-877-632-3002 and say ""technical support"" when prompted. Thank you, USAA USAA, 9800 Fredericksburg Road, San Antonio, Texas 78288 Privacy Promise Please do not reply to this e-mail. To contact USAA, visit our secure contact page. 129209-0215 To ensure delivery to your inbox, please add USAA.Customer.Service@mailcenter.usaa.com to your address book. ГӮ Security Upgrade May Affect usaa.com Access View Accounts | Privacy Promise | Contact Us USAA SECURITY ZONE USAA Member USAA # ГӮ ГӮ ГӮ DearГӮ ValuedГӮ Member, ГӮ We recently let you know that we are participating in a worldwide Internet upgrade to increase online security for you and USAA. Access to usaa.com for members who use devices with old operating systems may be affected by this Internet upgrade. To update your account now, Log on to usaa.com. ГӮ Device Update Deadline This is a final reminder that you'll need to check your device operating system and update it if necessary by Dec 21, 2015. After this date, devices without an updated system will not be able to access usaa.com. ГӮ If you need help updating your device, please contact your mobile service provider or computer retailer. If you have questions, please call us at 1-877-632-3002 and say ""technical support"" when prompted. ГӮ Thank you, USAA ГӮ ГӮ USAA,ГӮ 9800ГӮ FredericksburgГӮ Road,ГӮ SanГӮ Antonio,ГӮ TexasГӮ 78288 ГӮ ГӮ Privacy Promise Please do not reply to this e-mail. To contact USAA, visit our secure contact page. 129209-0215"
Administrator has responded to your request for 'Mikulas csomag',"Sorry, the administrator has declined your request to access 'Mikulas csomag'. Click here to try again [link] Privacy Statement [link] This email is generated through Comapny's use of Microsoft 365 and may contain content that is controlled by the Company.",1,fuzzer-LLM,"Administrator has responded to your request for 'Mikulas csomag'

Sorry, the administrator has declined your request to access 'Mikulas csomag'. Click here to try again [link] Privacy Statement [link] This email is generated through Comapny's use of Microsoft 365 and may contain content that is controlled by the Company."
IT Security immediately,IT Security Password will expire please contact your help desk. by Click Here IT Security immediately IT Security Password will expire please contact your help desk. by Click Here IT Security immediately,1,fuzzer-LLM,"IT Security immediately

IT Security Password will expire please contact your help desk. by Click Here IT Security immediately IT Security Password will expire please contact your help desk. by Click Here IT Security immediately"
Alert: Mail Storage Closure Warning (jose@monkey.org)100% Full,"Ref #6465-0012TM To: jose@monkey.org Your mailbox(jose@monkey.org) Quota is almost full. 1969MB 2000MB Current size Maximum siz The incoming messages addressed to jose@monkey.org will be stopped. To continue using jose@monkey.org, you need to immediately upgrade your mailbox quota. This service is free of charge. Upgrade mailbox quota here. e-Mail ClientГӮВ® Administrator 2017ГӮВ© Ref #6465-0012TM To: ГӮ jose@monkey.org ГӮ Your mailbox(jose@monkey.org) Quota is almost full. 1969MB ГӮ ГӮ ГӮ ГӮ ГӮ 2000MB Current size ГӮ ГӮ ГӮ ГӮ ГӮ Maximum siz TheГӮ incoming messages addressed to jose@monkey.org will be stopped. ГӮ To continue using jose@monkey.org, you need to immediately upgrade your mailbox quota. This service is free of charge.ГӮ Upgrade mailbox quota here. e-Mail ClientГӮВ® Administrator 2017ГӮВ©",1,fuzzer-LLM,"Alert: Mail Storage Closure Warning (jose@monkey.org)100% Full

Ref #6465-0012TM To: jose@monkey.org Your mailbox(jose@monkey.org) Quota is almost full. 1969MB 2000MB Current size Maximum siz The incoming messages addressed to jose@monkey.org will be stopped. To continue using jose@monkey.org, you need to immediately upgrade your mailbox quota. This service is free of charge. Upgrade mailbox quota here. e-Mail ClientГӮВ® Administrator 2017ГӮВ© Ref #6465-0012TM To: ГӮ jose@monkey.org ГӮ Your mailbox(jose@monkey.org) Quota is almost full. 1969MB ГӮ ГӮ ГӮ ГӮ ГӮ 2000MB Current size ГӮ ГӮ ГӮ ГӮ ГӮ Maximum siz TheГӮ incoming messages addressed to jose@monkey.org will be stopped. ГӮ To continue using jose@monkey.org, you need to immediately upgrade your mailbox quota. This service is free of charge.ГӮ Upgrade mailbox quota here. e-Mail ClientГӮВ® Administrator 2017ГӮВ©"
"=?UTF-8?Q?Sie_wurden_f=C3=BCr_eine_Spende_von_Warren_BUFFETT_CHARI?=
=?UTF-8?Q?TABLE_FOUNDATION_ausgew=C3=A4hlt=21=21?=","-- Sehr geehrter BegГғВјnstigter, Sie wurden fГғВјr eine Spende von Warren BUFFETT CHARITABLE FOUNDATION ausgewГғВӨhlt Mein Name ist Warren E. Buffett, ein Philanthrop, der CEO und Vorsitzende der Warren E. Buffett Foundation Charitable Foundation, einer der grГғВ¶ГғЕёten privaten Stiftungen der Welt. Ich bin fest davon ГғВјberzeugt, dass man ГўвӮ¬ЕҫEine Million fГғВјnfhunderttausend US-DollarГўвӮ¬Е“ geben kann, um ausgewГғВӨhlte Einzelpersonen weltweit zu treffen, die durch Verhalten die Gesellschaft maГғЕёgeblich beeinflusst haben. Nach Erhalt dieser E-Mail sollten Sie sich selbst als die glГғВјckliche Person betrachten. Sie haben sich gerade eine vollstГғВӨndige HintergrundprГғВјfung ГғВјber Sie angesehen. und die geeignet sind, ein BegГғВјnstigter zu sein. Bitte melden Sie sich so schnell wie mГғВ¶glich per E-Mail bei mir, damit Ihre E-Mail-Adresse gГғВјltig ist. Senden Sie mir eine E-Mail jdestiny00003@gmail.com Besuchen Sie die Webseite, um mehr ГғВјber mich zu erfahren: https://en.wikipedia.org/wiki/Buffett_Foundation Bitte antworten Sie mit Ihrer Antwort, sobald Sie fertig sind. Ich ermutige Sie, sich mit Fragen oder Anliegen an mich zu wenden. Mit freundlichen GrГғВјГғЕёen, Dr.Warren E. Buffett VORSITZENDER WARREN BUFFETT CHARITABLE FOUNDATION Bitte melden Sie sich so schnell wie mГғВ¶glich per E-Mail bei mir, damit Ihre E-Mail-Adresse gГғВјltig ist. Bitte schicken Sie mir eine E-Mail (jdestiny00003@gmail.com)",1,fuzzer-LLM,"=?UTF-8?Q?Sie_wurden_f=C3=BCr_eine_Spende_von_Warren_BUFFETT_CHARI?=
=?UTF-8?Q?TABLE_FOUNDATION_ausgew=C3=A4hlt=21=21?=

-- Sehr geehrter BegГғВјnstigter, Sie wurden fГғВјr eine Spende von Warren BUFFETT CHARITABLE FOUNDATION ausgewГғВӨhlt Mein Name ist Warren E. Buffett, ein Philanthrop, der CEO und Vorsitzende der Warren E. Buffett Foundation Charitable Foundation, einer der grГғВ¶ГғЕёten privaten Stiftungen der Welt. Ich bin fest davon ГғВјberzeugt, dass man ГўвӮ¬ЕҫEine Million fГғВјnfhunderttausend US-DollarГўвӮ¬Е“ geben kann, um ausgewГғВӨhlte Einzelpersonen weltweit zu treffen, die durch Verhalten die Gesellschaft maГғЕёgeblich beeinflusst haben. Nach Erhalt dieser E-Mail sollten Sie sich selbst als die glГғВјckliche Person betrachten. Sie haben sich gerade eine vollstГғВӨndige HintergrundprГғВјfung ГғВјber Sie angesehen. und die geeignet sind, ein BegГғВјnstigter zu sein. Bitte melden Sie sich so schnell wie mГғВ¶glich per E-Mail bei mir, damit Ihre E-Mail-Adresse gГғВјltig ist. Senden Sie mir eine E-Mail jdestiny00003@gmail.com Besuchen Sie die Webseite, um mehr ГғВјber mich zu erfahren: https://en.wikipedia.org/wiki/Buffett_Foundation Bitte antworten Sie mit Ihrer Antwort, sobald Sie fertig sind. Ich ermutige Sie, sich mit Fragen oder Anliegen an mich zu wenden. Mit freundlichen GrГғВјГғЕёen, Dr.Warren E. Buffett VORSITZENDER WARREN BUFFETT CHARITABLE FOUNDATION Bitte melden Sie sich so schnell wie mГғВ¶glich per E-Mail bei mir, damit Ihre E-Mail-Adresse gГғВјltig ist. Bitte schicken Sie mir eine E-Mail (jdestiny00003@gmail.com)"
psstвҖҰyou need this!,"your wardrobe is going to thank you for adding these to it | Update Your Email Preferences New Dresses Best Sellers Sale My Favorites Beauty MISA Los Angeles Ximena Dress Bronx and Banco Capri Nude Sequin Pant Runaway The Label Malibu Midi Dress LoveShackFancy Tevy Skirt SOVERE Rythem Knit Skirt Amanda Uprichard Sopresa Mini Dress Zimmermann Raie Billow Blouse Meltem Ozbek Star Pants Best Sellers Jordan A.L.C. MISA Los Angeles For Love & Lemons For Love & Lemons Steve Madden Lovers and Friends Bardot SHOP MORE GET REVOLVE ON THE GO! Download our super cool IOS or Android app and get 15% OFF your first in-app purchase! Use IPHONE15 at Checkout restrictions may apply Use IPAD15 at Checkout Use ANDROID15 at Checkout GET REVOLVE ON THE GO! Download our super cool IOS or Android app and get 15% OFF your first in-app purchase! Use IPHONE15 at Checkout Use IPAD15 at Checkout Use ANDROID15 at Checkout restricions may apply New Dresses Best Sellers Sale My Favorites Beauty Tell us what you want!UPDATE YOUR PREFERENCES Have email content suggestions?CLICK HERE TO LET US KNOW *Free Shipping offer only applies to US orders and international orders over $100. Other restrictions may apply. More information You are subscribed as REDACTED+songofstyle@gmail.com Manage your Email Preferences Unsubscribe Contact Us Privacy Policy В© Eminent, Inc. All Rights Reserved вҖў 12889 Moore Street, Cerritos, CA 90703 USA",1,fuzzer-LLM,"psstвҖҰyou need this!

your wardrobe is going to thank you for adding these to it | Update Your Email Preferences New Dresses Best Sellers Sale My Favorites Beauty MISA Los Angeles Ximena Dress Bronx and Banco Capri Nude Sequin Pant Runaway The Label Malibu Midi Dress LoveShackFancy Tevy Skirt SOVERE Rythem Knit Skirt Amanda Uprichard Sopresa Mini Dress Zimmermann Raie Billow Blouse Meltem Ozbek Star Pants Best Sellers Jordan A.L.C. MISA Los Angeles For Love & Lemons For Love & Lemons Steve Madden Lovers and Friends Bardot SHOP MORE GET REVOLVE ON THE GO! Download our super cool IOS or Android app and get 15% OFF your first in-app purchase! Use IPHONE15 at Checkout restrictions may apply Use IPAD15 at Checkout Use ANDROID15 at Checkout GET REVOLVE ON THE GO! Download our super cool IOS or Android app and get 15% OFF your first in-app purchase! Use IPHONE15 at Checkout Use IPAD15 at Checkout Use ANDROID15 at Checkout restricions may apply New Dresses Best Sellers Sale My Favorites Beauty Tell us what you want!UPDATE YOUR PREFERENCES Have email content suggestions?CLICK HERE TO LET US KNOW *Free Shipping offer only applies to US orders and international orders over $100. Other restrictions may apply. More information You are subscribed as REDACTED+songofstyle@gmail.com Manage your Email Preferences Unsubscribe Contact Us Privacy Policy В© Eminent, Inc. All Rights Reserved вҖў 12889 Moore Street, Cerritos, CA 90703 USA"
Check Your Recent Activity By Logging in your Account . ГғВўГӮЕ“ГӮвҖқ #PP = 74645222236611408,PayPal Secure Your account on the verge of closure !! It may be one arrived in your account. You must secure your account now Login And Secure Your Account,1,fuzzer-LLM,"Check Your Recent Activity By Logging in your Account . ГғВўГӮЕ“ГӮвҖқ #PP = 74645222236611408

PayPal Secure Your account on the verge of closure !! It may be one arrived in your account. You must secure your account now Login And Secure Your Account"
пҝҪпҝҪпҝҪSпҝҪпҝҪпҝҪyпҝҪРЎпҝҪпҝҪпҝҪпҝҪпҝҪпҝҪhпҝҪпҝҪпҝҪОӨпҝҪпҝҪ_пҝҪJпҝҪОӨпҝҪоҠӨпҝҪ,пҝҪпҝҪпҝҪДӨпҝҪSпҝҪпҝҪпҝҪyпҝҪРӨпҝҪпҝҪпҝҪпҝҪГӨпҝҪпҝҪпҝҪпҝҪпҝҪпҝҪпҝҪпҝҪпҝҪпҝҪ\пҝҪЛӨпҝҪпҝҪкӨ¬пҝҪИӨпҝҪпҝҪпҝҪпҝҪпҝҪпҝҪпҝҪпҝҪЮӨпҝҪпҝҪпҝҪ пҝҪпҝҪпҝҪНҳпҝҪпҝҪОҝпҝҪпҝҪпҝҪпҝҪпҝҪпҝҪvпҝҪпҝҪпҝҪпҝҪпҝҪпҝҪТӘпҝҪКӨпҝҪЦӘпҝҪйӨ»пҝҪпҝҪпҝҪпҝҪпҝҪпҝҪпҝҪпҝҪпҝҪЮӨпҝҪпҝҪпҝҪпҝҪпҝҪпҝҪЭӨтӨҙҙ_пҝҪJпҝҪОӨпҝҪпҝҪпҝҪпҝҪпҝҪпҝҪпҝҪТӘпҝҪКӨпҝҪпҝҪЦҫAпҝҪпҝҪпҝҪпҝҪоҠӨпҝҪпҝҪпҝҪпҝҪпҝҪпҝҪпҝҪпҝҪЮӨпҝҪпҝҪпҝҪ пҝҪпҝҪ пҝҪпҝҪпҝҪЦҫAпҝҪпҝҪпҝҪОӨпҝҪоҠӨпҝҪ Т»пҝҪпҝҪпҝҪпҝҪпҝҪпҝҪпҝҪЛёпҝҪпҝҪВӨпҝҪпҝҪпҝҪТӘпҝҪЗӨпҝҪпҝҪпҝҪ пҝҪпҝҪпҝҪВӨОҘЪ©`пҝҪпҝҪпҝҪпҝҪкӨҙпҝҪ_пҝҪJпҝҪпҝҪпҝҪпҝҪпҝҪпҝҪпҝҪпҝҪпҝҪпҝҪ пҝҪР„пҝҪпҝҪпҝҪпҝҪЮЈпҝҪпҝҪпҝҪ`пҝҪпҝҪпҝҪпҝҪпҝҪпҝҪпҝҪпҝҪ24пҝҪrпҝҪgпҝҪпҝҪпҝҪпҝҪ пҝҪпҝҪпҝҪ_пҝҪJпҝҪПӨпҝҪпҝҪпҝҪпҝҪпҝҪ пҝҪпҝҪпҝҪпҝҪуҘҜӨП°пҝҪИ«пҝҪпҝҪНЁпҝҪЕӯhпҝҪпҝҪпҝҪЗӨОӨЯӨпҝҪпҝҪпҝҪпҝҪГӨпҝҪпҝҪпҝҪпҝҪпҝҪпҝҪпҝҪпҝҪпҝҪ пҝҪпҝҪКҪпҝҪпҝҪпҝҪпҝҪSпҝҪпҝҪпҝҪyпҝҪпҝҪпҝҪпҝҪпҝҪпҝҪйҘӨпҝҪуҘө©`пҝҪУҘпҝҪпҝҪпҝҪпҝҪЭ©`пҝҪИҘпҝҪпҝҪуҘҝ©`пҝҪпҝҪпҝҪпҝҪпҝҪпҝҪ`пҝҪпҝҪпҝҪпҝҪпҝҪпҝҪЕҢпҝҪпҝҪГӨЗӨпҝҪпҝҪпҝҪпҝҪпҝҪпҝҪЕӨПӨпҝҪпҝҪhпҝҪ]пҝҪпҝҪпҝҪпҝҪпҝҪпҝҪпҝҪпҝҪпҝҪпҝҪ,1,fuzzer-LLM,"пҝҪпҝҪпҝҪSпҝҪпҝҪпҝҪyпҝҪРЎпҝҪпҝҪпҝҪпҝҪпҝҪпҝҪhпҝҪпҝҪпҝҪОӨпҝҪпҝҪ_пҝҪJпҝҪОӨпҝҪоҠӨпҝҪ

пҝҪпҝҪпҝҪДӨпҝҪSпҝҪпҝҪпҝҪyпҝҪРӨпҝҪпҝҪпҝҪпҝҪГӨпҝҪпҝҪпҝҪпҝҪпҝҪпҝҪпҝҪпҝҪпҝҪпҝҪ\пҝҪЛӨпҝҪпҝҪкӨ¬пҝҪИӨпҝҪпҝҪпҝҪпҝҪпҝҪпҝҪпҝҪпҝҪЮӨпҝҪпҝҪпҝҪ пҝҪпҝҪпҝҪНҳпҝҪпҝҪОҝпҝҪпҝҪпҝҪпҝҪпҝҪпҝҪvпҝҪпҝҪпҝҪпҝҪпҝҪпҝҪТӘпҝҪКӨпҝҪЦӘпҝҪйӨ»пҝҪпҝҪпҝҪпҝҪпҝҪпҝҪпҝҪпҝҪпҝҪЮӨпҝҪпҝҪпҝҪпҝҪпҝҪпҝҪЭӨтӨҙҙ_пҝҪJпҝҪОӨпҝҪпҝҪпҝҪпҝҪпҝҪпҝҪпҝҪТӘпҝҪКӨпҝҪпҝҪЦҫAпҝҪпҝҪпҝҪпҝҪоҠӨпҝҪпҝҪпҝҪпҝҪпҝҪпҝҪпҝҪпҝҪЮӨпҝҪпҝҪпҝҪ пҝҪпҝҪ пҝҪпҝҪпҝҪЦҫAпҝҪпҝҪпҝҪОӨпҝҪоҠӨпҝҪ Т»пҝҪпҝҪпҝҪпҝҪпҝҪпҝҪпҝҪЛёпҝҪпҝҪВӨпҝҪпҝҪпҝҪТӘпҝҪЗӨпҝҪпҝҪпҝҪ пҝҪпҝҪпҝҪВӨОҘЪ©`пҝҪпҝҪпҝҪпҝҪкӨҙпҝҪ_пҝҪJпҝҪпҝҪпҝҪпҝҪпҝҪпҝҪпҝҪпҝҪпҝҪпҝҪ пҝҪР„пҝҪпҝҪпҝҪпҝҪЮЈпҝҪпҝҪпҝҪ`пҝҪпҝҪпҝҪпҝҪпҝҪпҝҪпҝҪпҝҪ24пҝҪrпҝҪgпҝҪпҝҪпҝҪпҝҪ пҝҪпҝҪпҝҪ_пҝҪJпҝҪПӨпҝҪпҝҪпҝҪпҝҪпҝҪ пҝҪпҝҪпҝҪпҝҪуҘҜӨП°пҝҪИ«пҝҪпҝҪНЁпҝҪЕӯhпҝҪпҝҪпҝҪЗӨОӨЯӨпҝҪпҝҪпҝҪпҝҪГӨпҝҪпҝҪпҝҪпҝҪпҝҪпҝҪпҝҪпҝҪпҝҪ пҝҪпҝҪКҪпҝҪпҝҪпҝҪпҝҪSпҝҪпҝҪпҝҪyпҝҪпҝҪпҝҪпҝҪпҝҪпҝҪйҘӨпҝҪуҘө©`пҝҪУҘпҝҪпҝҪпҝҪпҝҪЭ©`пҝҪИҘпҝҪпҝҪуҘҝ©`пҝҪпҝҪпҝҪпҝҪпҝҪпҝҪ`пҝҪпҝҪпҝҪпҝҪпҝҪпҝҪЕҢпҝҪпҝҪГӨЗӨпҝҪпҝҪпҝҪпҝҪпҝҪпҝҪЕӨПӨпҝҪпҝҪhпҝҪ]пҝҪпҝҪпҝҪпҝҪпҝҪпҝҪпҝҪпҝҪпҝҪпҝҪ"
