Subject,Body,label
Strategies for Expanding Digital Brand Influence and Innovating Products,Our company requires tailored digital strategies to enhance brand expansion and product innovation. Could you please provide guidance on the most effective methodologies?,0
Data Synchronization Problem Noted,"Facing data synchronization challenges across various platforms, which is affecting investment analysis. Could be related to recent software updates or network instability. Tried restarting devices and reinstalling affected applications but to no avail. The issue continues and urgent assistance is required to resolve it. Could you please provide guidance on troubleshooting steps, schedule a maintenance check, and rectify the problem?",0
Re: Mercury Deployment Issue on AWS,"Hi John,

Thank you for contacting Aetheros Support.

We understand you're experiencing difficulties deploying your Mercury application to AWS due to a ""Resource Limit Exceeded"" error. To assist you effectively, could you please provide the following information?

* The specific AWS region you are deploying to.
* The instance type you are attempting to deploy.
* A screenshot of the error message.

Once we have this information, we can investigate further and provide a solution.

Best regards,
The Aetheros Support Team",0
Request for Guidance on Integrating DocuSign and JIRA Software,"Dear Customer Support Team, we are seeking your assistance in integrating DocuSign and JIRA Software to improve our project management and document signing processes. This integration will help our team streamline workflows, enhance productivity, and minimize manual errors. DocuSign allows us to electronically sign and manage documents, while JIRA Software helps us track and manage projects more effectively. We believe that this integration will greatly benefit our organization. Could you please guide us through the setup process? We would appreciate any assistance you can provide.",0
Incident of Data Breach Stemmed from Encryption Shortfall,A data breach was triggered by a lack of robust encryption measures.,0
Scalability Solutions for Large Teams,I would like to know more about the scalability solutions your SaaS project management tool offers for large teams. Could you share details on how your tool accommodates expanding teams and what features are included to ensure smooth collaboration?,0
Unlock exclusive benefits for just $2.50/week,"Subscribe now for the full U-͏T experience ͏‌ ͏‌ ͏‌ ͏‌ ͏‌ ͏‌ ͏‌ ͏‌ ͏‌ ͏‌ ͏‌ ͏‌ ͏‌ ͏‌ ͏‌ ͏‌ ͏‌ ͏‌ ͏‌ ͏‌ ͏‌ ͏‌ ͏‌ ͏‌ ͏‌ ͏‌ ͏‌ ͏‌ ͏‌ ͏‌ ͏‌ ͏‌ ͏‌ ͏‌ ͏‌ ͏‌ ͏‌ ͏‌ ͏‌ ͏‌ ͏‌ ͏‌ ͏‌ ͏‌ ͏‌ ͏‌ ͏‌ ͏‌ ͏‌ ͏‌ ͏‌ ͏‌ ͏‌ ͏‌ ͏‌ ͏‌ ͏‌ ͏‌ ͏‌ ͏‌ ͏‌ ͏‌ ͏‌ ͏‌ ͏‌ ͏‌ ͏‌ ͏‌ ͏‌ ͏‌ ͏‌ ͏‌ ͏‌ ͏‌ ͏‌ ͏‌ ͏‌ ͏‌ ͏‌ ͏‌ ͏‌ ͏‌ ͏‌ ͏‌ ͏‌ ͏‌ ͏‌ ͏‌ ͏‌ ͏‌ ͏‌ ͏‌ ͏‌ ͏‌ ͏‌ ͏‌ ͏‌ ͏‌ ͏‌ ͏‌ ͏‌ ͏‌ ͏‌ ͏‌ ͏‌ ͏‌ ͏‌ ͏‌ ͏‌ ͏‌ ͏‌ ͏‌ Unlimited access: $4 $2.50/week. subscribe NOW When you subscribe to The San Diego Union-Tribune for $2.50 a week (billed at $10 every 4 weeks), you get so much more than unlimited digital access to award-winning journalism. Explore all the benefits available ONLY to subscribers, including a unique local perspective on the world’s biggest stories. Unlimited digital access to sandiegouniontribune.com and our Pulitzer Prize-winning journalism: local politics and education, local entertainment, local sports, border and immigration issues, guides and more Subscriber-exclusive content, like San Diego’s 40 most anticipated new restaurants of 2023, and early access to special news and information Unlimited access to the ad-free San Diego Union-Tribune app Access to the eNewspaper, a digital replica of The San Diego Union-Tribune print edition Special access to U-T events, like the Festival of Books UNLOCK ALL BENEFITS Sign up for Newsletters | Unsubscribe | Privacy Policy Do Not Sell My Personal Information | CA Notice of Collection Copyright © 2023 | The San Diego Union-Tribune 600 B Street, Suite 1201, San Diego, California, 92101 View Email in Browser Download our App",1
Ultra Air Heater,"<meta http-equiv=""Content-Type"" content=""text/html; charset=us-ascii""><style>
center-text(text-align:center;)
styled-link{font-family:Georgiaserif;font-size:25pt;color:#FF1C06;font-weight:700;background-color:#Fcf5ef;
</style>
<div class=""center-text""><a href=""""></a></div>
<div style=""display:flex justify-content:center;"">
<center>
<a href=""https://u28872209.ct.sendgrid.net/ls/click?upn=u001.IH0HEF-2FbqSDqfIls-2FOnilH3rTXNhjH1XQ2sgKuXL64HW7woPPA-2Bs-2BepZ7GcRyEmsr6e3-2BBJ6fkFhY8zlhkhKKV6oH-2F574zknKH6lFBvCfSu9kkU278dNlIoWNnmpGNw96Fk1x-2BKZBywTb6wYvn0SWw-3D-3DfK-9_CG4-2BaYO89eZfZ-2FJBEVdUuP4YeHNS4Ayoy7f42ETbdctoR-2B4AyXSFx2aJ70pBrakWuCu1fI48U3ztdlWlJpz9F7q23eFtY-2FPj8jVRF8zEuN5tKJ6QvvE36e6ORJBnh-2Fcwe-2BITL8eMyDfg9yfzp3Y5zns7L-2F33SqGxdWctH9sejieeDhO5MULLF9Cj5MqrxV21W2292v0wp-2FwhyWREtwu-2FYA-3D-3D"">
<img src=""https://zupimages.net/up/24/50/u5cs.png"" border=""0""><img src=""//zupimages.net/up/24/50/u5cs.png"" border=""0""></a>
<br>
<a href=""https://u28872209.ct.sendgrid.net/ls/click?upn=u001.IH0HEF-2FbqSDqfIls-2FOnilH3rTXNhjH1XQ2sgKuXL64GJ6iBqLldVedDCKJwuBFbPd6I9HXzgw4fOWzxoQvIlFQ-2FT5VcEGNaZDu1-2FYC4IxIl54RIUcCOve4InGtkhLoJBWpA8CFe5N6ejfA1v1AwxvQ-3D-3DrpcU_CG4-2BaYO89eZfZ-2FJBEVdUuP4YeHNS4Ayoy7f42ETbdctoR-2B4AyXSFx2aJ70pBrakWuCu1fI48U3ztdlWlJpz9FxULCMykcuodHDrVq0GClsBnzW3D1yTkfqI7yUTC9Ia3KnU88KCeWekOOyd5eQ4eIDIFrc-2BXO2qFP4uFQgR7HApJNW-2BLAeLljp0CyKJFjHynMD0-2B3UnxBCHWGy4XktpUxA-3D-3D"">
<img src=""https://zupimages.net/up/24/50/hpxo.png"" border=""0""><img src=""//zupimages.net/up/24/50/hpxo.png"" border=""0""></a>
</center>
<img src=""https://u28872209.ct.sendgrid.net/wf/open?upn=u001.s4A7ZqC-2Ftxqw36qkcPzhAm-2BF5MGadQYgYpgr-2F0SfEoU4jmsaZM7gjVHP-2BQFXyVIkqwLEsmuFkvvYiLg34YdPeSw-2BRuZXr3AOuowlWl2E2g81sx6nNEoh4AiwHfzYIswQ4-2FGuPhwvn51nSdovB2V3Z5VJ7vvyKBnPebH4DzRx9nXvADjhZK8b87DHHSP2sc6r4bnfYmKP4hw0bpNDdYrFwvgna5M0WLA3cRkua54Pbkg-3D"" alt="""" width=""1"" height=""1"" border=""0"" style=""height:1px !important;width:1px !important;border-width:0 !important;margin-top:0 !important;margin-bottom:0 !important;margin-right:0 !important;margin-left:0 !important;padding-top:0 !important;padding-bottom:0 !important;padding-right:0 !important;padding-left:0 !important;"">",1
"[Spambayes-checkins] spambayes/spambayes WebAppPlugin.py, NONE, 1.1.2.1","Update of /cvsroot/spambayes/spambayes/spambayes In directory sc8-pr-cvs8.sourceforge.net:/tmp/cvs-serv10392/spambayes Added Files: Tag: CORESVR WebAppPlugin.py Log Message: now we can import a useless plugin --- NEW FILE: WebAppPlugin.py --- from CorePlugin import PlugIn, PlugInUI class WebAppUI(PlugInUI): pass def register(): return PlugIn(""WebApp"", WebAppUI()) _______________________________________________ Spambayes-checkins mailing list pnperxdpv-sarswdlp@python.org http://mail.python.org/mailman/listinfo/spambayes-checkins",0
Account Locked - identification required,"To ensure delivery to your inbox, please add USAA.Web.Services@customermail.usaa.com to your address book. Identification Required View Accounts | Privacy Promise | Contact Us USAA SECURITY ZONE Brenda Miller USAA # ending in: 0113 Dear Member, According to our new policy of service, It is mandatory that our customers update their identification details every three months so as to avoid security breach. For the last three months, you haven't update your details. Therefore, We have locked your account until this action has been done . Kindly click on the button below to sign in to the verification page and update your details matching the previous on our database. Update My Account Thank you, USAA Please do not reply to this e-mail. To send a secure message to USAA, please contact us. Privacy Promise USAA, 9800 Fredericksburg Road, San Antonio, Texas 78288 USAA means United Services Automobile Association and its insurance, banking, investment and other companies. Banks Member FDIC. Investments provided by USAA Investment Management Company and USAA Financial Advisors Inc., both registered broker dealers. 66696-0411 To ensure delivery to your inbox, please add USAA.Web.Services@customermail.usaa.com to your address book. Identification Required View Accounts | Privacy Promise | Contact Us USAA SECURITY ZONE Brenda Miller USAA # ending in: 0113 Â Â Dear Member,According to our new policy of service, It is mandatory thatÂ ourÂ customers update their identificationÂ details everyÂ three months so as to avoid security breach. For the last three months, you haven't update your details. Therefore, We have locked your account until this actionÂ has beenÂ doneÂ . Kindly click on the button below toÂ sign in to the verificationÂ page and update your details matching theÂ previous on our database.Â UpdateÂ My AccountThank you,USAA Â Â Â Â Please do not reply to this e-mail. To send a secure message to USAA, please contact us.Privacy PromiseUSAA, 9800 Fredericksburg Road, San Antonio, Texas 78288 USAA means United Services Automobile Association and its insurance, banking, investment and othercompanies. Banks Member FDIC. Investments provided by USAA Investment Management Companyand USAA Financial Advisors Inc., both registered broker dealers. 66696-0411",1
