Subject,Body,label,data_source,original_subject,original_body,original_data_source,row_number,prompt_kind,prompt_rounds,model,token_estimate,skipped,skip_reason
Re: [ILUG] Cheap Linux PCs,"Dear [Recipient],

I understand your concern about purchasing expensive Linux computers from an unfamiliar store like IOL's. However, as a loyal member of the Irish Linux Users' Group (ilug), I can confirm that I have found several reputable and affordable options available at my local store.

One option is the Mini-ITX computer from www.mini-itx.com. This model offers excellent performance and is priced competitively compared to other budget-friendly alternatives. It supports a wide range of hardware components, including a powerful AMD Ryzen processor and up to 8GB of RAM,",0,phishpuzzer|utaliyeva2023:adversarial:r1,Re: [ILUG] cheap linux PCs,">I'd normally never buy this but the Xbox is Eur300 on IOL's shop, a very
>large company are making a loss on it and:
>
>http://xbox-linux.sourceforge.net/articles.php?aid=1&sub=Press%20Release%3A%20Xbox%20Linux%20Mandrake%209%20Released
>
>Mandrake has been released for it.

isn't it 250 in Smyths?

don't forget to add to that the modchip, and the time to put it on.

(/me thinks unless you want 3d graphics, www.mini-itx.com is the way to go :))

L.
--
Irish Linux Users' Group: ilug@linux.ie
http://www.linux.ie/mailman/listinfo/ilug for (un)subscription information.
List maintainer: listmaster@linux.ie",phishpuzzer,2,adversarial,1,Qwen/Qwen2.5-0.5B-Instruct,162,false,
Pipeline Update - February 14,"Hello,

I hope you're doing well.

As of today, there are 12 opportunities in progress with a total value of €998,347. These will close this week on March 14th.

Here's what we've accomplished so far:

- Customer meetings: 5
- Proposals for sending: 1
- Follow-up tasks: 10

Thank you for your attention!

Best regards,
[Your Name]",0,uberjugaad|utaliyeva2023:adversarial:r1,Pipeline Update - February 14,"Morning update:

Opportunities in progress: 12
Value in pipeline: €998,347
Closes this week: 3

Key activities today:
- Customer meetings: 5
- Proposals to send: 1
- Follow-ups needed: 10

Kevin",uberjugaad,3,adversarial,1,Qwen/Qwen2.5-0.5B-Instruct,59,false,
Problems with Synchronization in Windows 10 Pro,"Dear Support Team,

I hope this message finds you well.

I am writing to inform you that there is an issue with the synchronization process in my Windows 10 Pro version. The software updates have been conflicting with each other, which may be causing the problem. Additionally, there seems to be a damaged database that needs to be addressed.

Despite the efforts I've made to resolve the issue, it persists even after restarting the system, installing updates, and clearing the cache. Please let me know if you require any further assistance.

Thank you for your attention to this matter.

Best regards,
[Your Name]",0,tobiasbuek|utaliyeva2023:adversarial:r1,Problems with Synchronization in Windows 10 Pro,"The project timelines are failing to sync. Software updates conflicts or a damaged database could be the reason. Despite restarting the system, installing updates, and cleaning the cache, the issue still remains unresolved.",tobiasbuek,4,adversarial,1,Qwen/Qwen2.5-0.5B-Instruct,71,false,
Challenges in Digital Integration for Products,"'For our clients, we're experiencing difficulties in seamlessly integrating digital initiatives with their current product offerings due to compatibility issues and outdated technology. Implementing software upgrades can alleviate these problems.'",0,tobiasbuek|utaliyeva2023:adversarial:r1,Challenges in Digital Integration for Products,A marketing agency is facing challenges in integrating digital strategies with existing products due to software incompatibilities and outdated tools. Reinstalling applications and checking for updates might help resolve the issues.,tobiasbuek,5,adversarial,1,Qwen/Qwen2.5-0.5B-Instruct,73,false,
Customer Support Ticket,"Dear [Customer Support],
I hope this message finds you well.
I am writing to inquire about the specific measures we have put in place to secure our patients' medical data and prevent data breaches. Could you please share with us any compliance certifications that your company holds, particularly regarding Health Insurance Portability and Accountability Act (HIPAA) standards?
Additionally, I am keen on understanding more about your security services, including but not limited to network monitoring, threat detection, and incident response strategies. If you have any case studies or whitepapers related to these areas, I would be grateful for them.
Thank you for your time and assistance.
Best regards",0,tobiasbuek|utaliyeva2023:adversarial:r1,Customer Support Ticket,"Customer Support, seeking to explore solutions for securing medical data to enhance hospital security. Could you provide details on the measures your company has implemented to protect sensitive patient information and prevent data breaches? I would greatly appreciate information on any compliance certifications your company holds, such as HIPAA. Additionally, I am interested in learning more about your security services, including network monitoring, threat detection, and incident response. Please let me know if you have any case studies or whitepapers available.",tobiasbuek,6,adversarial,1,Qwen/Qwen2.5-0.5B-Instruct,151,false,
