subject,body,label,model_prediction
_Save_71%_on_Ultra_Antivirus_+_VPN_,<https://tinyurl.com/2zvf5z66> <https://tinyurl.com/29nmmcaj>,1,0
Accuracy Issues with Investment Forecasts,"I have encountered inaccuracies in the investment predictions. This is due to poor data quality, which resulted in incorrect forecast models. After reviewing the data sources and re-running the models, the problem still exists. I would greatly appreciate your help in addressing this to enhance the accuracy of the predictions.",0,0
Improve Digital Marketing Tools,We are requesting to integrate improved marketing tools to enhance the effectiveness of our digital strategy across various platforms. We aim to better manage our online presence and improve our overall marketing performance.,0,0
Investment Anomaly Identified,The investment forecasts are inconsistent owing to a discrepancy in the disposable income data. This might be due to the use of outdated consumer trend models. Steps taken so far include updating the software and recalibrating the algorithms.,0,0
Assistance with Website,Website traffic decreased suddenly following an algorithm update or ad problem. I have examined the analytics and verified the ad configurations.,0,0
Attention: Password Expired Notice At 02/15/2023 04:11:52 pm,"monkey.org Notification

ID :- jose@monkey.org

Your account password expires on our system Today.

Use below button to continue with the same password

Keep Same Password

Notes: Your email may not be published until you verify your account.

Sincerely,

jose@monkey.org © 2023 , All rights reserved",1,0
Suggestion for IAM service role inheritance,"Hi Aetheros Support,

I'm writing to suggest an improvement for your IAM service. Currently, managing roles and permissions is straightforward, but it would be incredibly helpful if the IAM service supported role inheritance.

For example, let's say we have a 'developer' role and a 'senior developer' role. It would be much more efficient if 'senior developer' could inherit all permissions from the 'developer' role, and we could simply add any additional permissions needed.

This would significantly reduce the complexity and time spent on managing roles, especially in larger teams and projects.

Thank you for considering my suggestion. I believe this feature would greatly benefit many of your users.

Sincerely,
John Doe",0,0
Customer issue: Best Shop Inc - Cancelling remaining orders,"FYI - Customer complaint received:

Customer: Best Shop Inc
Issue: Cancelling remaining orders
Severity: 3/5

Please review and advise if escalation needed.

Sandra Warmer",0,0
Overdue: Customer 521361812 - 75 days,"Please contact customer immediately:

Invoice: 2471932
Amount: €145,891
Days overdue: 46
Last contact: 25 days ago

Customer threatening to switch suppliers but owes us money!

Jeffrey",0,0
Streamlining Integration of SaaS with Current Workflows,I hope this message finds you well. I am writing to seek information on integrating your SaaS solution with our current workflow systems. Could you kindly provide a comprehensive guide or documentation to facilitate this integration? We are keen on optimizing our operations and believe your SaaS could be a significant asset. Kindly advise if there are any specific prerequisites or steps required for the integration. I would greatly appreciate any assistance or guidance you can provide in this regard.,0,0
Strategies for Brand Expansion through Digital Channels,Could you please share more details on your digital strategies for brand growth and the specific services related to brand development that you provide?,0,0
Enhancing Investments Through Data Analysis,"Can we offer comprehensive details on optimizing investments using data analytics, specifically with SAP ERP and QuickBooks?",0,0
Inquiries on Data Analytics Solutions Investment,"Customer Support, I am inquiring about data analytics solutions for investment optimization. Could you provide information on the types of analytics tools that can help make informed investment decisions? I am particularly interested in learning about predictive modeling capabilities used to identify trends and patterns in the market. Additionally, I would like to know about data visualization tools that are used to present complex data in a clear and concise manner. I am interested in customer support training options as well.",0,0
Pipeline Update - January 27,"Morning update:

Opportunities in progress: 17
Value in pipeline: €1,398,293
Closes this week: 5

Key activities today:
- Customer meetings: 3
- Proposals to send: 1
- Follow-ups needed: 10

Timothy",0,0
Urgent: Production environment down on AWS - Account ID: 746385920143,"Our production environment hosted on AWS is currently down. This is severely impacting our operations. We believe this might be related to the recent changes made to our load balancer configuration via your Cloud Management platform.

We need this resolved ASAP. Please advise on the next steps.",0,0
Serious Incident: Unauthorized Access to Medical Data,An incident involving unauthorized access to medical data has occurred within the hospital system. This might have arisen due to a compromise of network security protocols. We have initiated the process of updating security settings and running diagnostic scans on connected devices to contain the issue.,0,0
Concern Regarding Precision of Data Analytics Platform,"The platform's accuracy in processing investment data is in question, potentially due to software incompatibility.",0,0
Support Required for Medical Data Security,"Facing unauthorized access attempts on medical data systems. This might be due to insufficient security protocols. Despite implementing firewalls and updating passwords, access attempts continue. The team has tried various measures, but the issue still persists. We kindly request your assistance to resolve this matter and enhance the system's security to prevent potential breaches. Please provide guidance on the necessary steps to take.",0,0
Report on Concurrent Tool Failures and Request for Assistance,"I am contacting you to report an issue where various tools are crashing at the same time, significantly disrupting my work flow. This might be caused by an overloaded server or incompatible software. Till now, I've attempted to restart my devices, check for updates, and clear the cache, yet the problem remains unresolved. Could you please examine this issue and offer a potential solution as soon as possible? Please inform me if there's any further information you require from me to resolve this issue. I look forward to your prompt response. Thank you for your time and support.",0,0
Project management software encountered an unexpected failure,Incompatible connection between the tool and Joomla,0,0
Customer issue: First Builders LLC - Product specifications do not match requirements,"FYI - Customer complaint received:

Customer: First Builders LLC
Issue: Product specifications do not match requirements
Severity: 4/5

Please review and advise if escalation needed.

Amy Klapp",0,0
Mail Sending problem,"Hello Everybody, I am using RHEL 4 with postfix postfix-2.2.10-1.RHEL4.2. The authentication is being done using openldap and courier packages are being used for pop and imap. Maildrop is the mail delivery agent. The packages details are given below: mod_authz_ldap-0.26-2 openldap-2.2.13-6.4E nss_ldap-226-13 python-ldap-2.0.1-2 openldap-clients-2.2.13-6.4E php-ldap-4.3.9-3.15 courier-authlib-ldap-0.58-1.4AS openldap-devel-2.2.13-6.4E openldap-servers-2.2.13-6.4E courier-authlib-debuginfo-0.58-1.4AS courier-imap-4.1.1-1.4AS courier-authlib-0.58-1.4AS courier-authlib-devel-0.58-1.4AS courier-imap-debuginfo-4.1.1-1.4AS courier-authlib-ldap-0.58-1.4AS I have implemented SASL authetication. Trend Micro Net Suit is being used as the anti spam/anti virus software. Since last few days I am finding that some of the users (out of total 900+ users 3 has reported the issue so far) are not able to send mail to any address outside of my domain. The log entry that I am getting is something like Feb 8 15:54:29 mail postfix/smtpd[9334]: NOQUEUE: reject: RCPT from unknown[59.183.54.228]: 554 : Recipient address rejected: Access denied; from= to= proto=SMTP helo= >From the log I can see that many mails are getting delivered to outside domains without any problems. But the users who are getting the problem are not able to send any mail to outside world. But these same users are able to send mail to anyplace when they use IMAP. For web interface I am using squirrelmail. I am trying to get helps using google but not successful. May I request you to kindly give some clue on how I should proceed? I am giving below relevant (as per my understanding !!!) portion of main.cf alias_database = hash:/etc/postfix/aliases alias_maps = hash:/etc/postfix/aliases local_transport = maildrop virtual_mailbox_base = /home/vmail virtual_mailbox_maps = ldap:/etc/postfix/virtual-mailbox.ldap virtual_alias_maps = ldap:/etc/postfix/virtual-alias.ldap default_process_limit = 200 imss_timeout=10m imss_connect_timeout=20s content_filter = imss:localhost:10025 imss_destination_recipient_limit=200 imss_destination_concurrency_limit=20 relay_recipient_maps = ldap:/etc/postfix/virtual-mailbox.ldap transport_maps = hash:/etc/postfix/transport alias_maps = hash:/etc/postfix/aliases default_destination_recipient_limit = 200 disable_vrfy_command = yes smtpd_helo_required = yes smtpd_sender_restrictions = permit_mynetworks, reject_unknown_sender_domain, permit_sasl_authenticated smtpd_recipient_restrictions = permit_mynetworks, permit_auth_destination, permit_sasl_authenticated, reject smtpd_sasl_auth_enable = yes smtpd_sasl_security_options = noanonymous smtpd_sasl_local_domain = $myhostname broken_sasl_auth_clients = yes smtpd_tls_auth_only = no smtp_connect_time = 25s smtpd_recipient_limit = 250 default_process_limit = 105 smtpd_client_restrictions = check_sender_access hash:/etc/postfix/rbl_sender_exception,reject_rbl_client AS3DR6HRXQS7R599DVTE9X57CUF39TJ.r.mail-abuse.com,reject_rbl_client AS3DR6HRXQS7R599DVTE9X57CUF39TJ.q.mail-abuse.com rbl_reply_maps = hash:/etc/postfix/imss_rbl_reply virtual_alias_maps = ldap:forward forward_timeout = 60 forward_server_host = 127.0.0.1 forward_search_base = dc=rpg,dc=in forward_server_port = 389 forward_query_filter = (&(|(mail=%s))(accountStatus=enable)) forward_result_attribute = mailForwardingAddress Goutam Baul Corporate Information Systems CESC Limited",0,0
Problem with MacBook Air During Presentation,"During a presentation, my MacBook Air's monitor went black. It's possible that the issue is due to a overloaded RAID-Controller. Restarting the device and checking connections did not resolve the problem. I would appreciate your help in fixing this issue.",0,0
Request for Support Following a Data Breach in Healthcare Systems,"Our healthcare systems have recently experienced a data breach that led to unauthorized access. This may have occurred due to outdated security protocols. We have attempted to reset access credentials and update the software, but the issue persists. Our team has worked hard to contain the breach, and we now require additional assistance to ensure our security systems are secure. We would appreciate guidance on the course of action to prevent future breaches and support us in implementing enhanced security measures. Please provide us with your assistance.",0,0
Overdue: Customer 585450709 - 75 days,"Please contact customer immediately:

Invoice: 2655467
Amount: €484,433
Days overdue: 46
Last contact: 13 days ago

Customer threatening to switch suppliers but owes us money!

Cory",0,0
Concern Regarding Campaign Interruption,"Our digital marketing campaign has unexpectedly ceased, which is hindering our brand growth strategies. A server outage might be the reason for the disruption. Although we have restarted the affected applications and verified internet connectivity, the issue still persists. We kindly request a prompt resolution and a solution to this matter at your earliest convenience.",0,0
Security,"Dear Customer Support, I am reaching out to inquire about the security protocols you have in place to protect medical data. As a valued customer, I want to ensure that my sensitive health information is handled with the utmost care and confidentiality. Could you please provide me with information on the measures you take to safeguard medical data? Additionally, I would appreciate it if you could inform me about any certifications or compliances your company adheres to, such as HIPAA. I am also keen to know if you have any specific measures to prevent data breaches and unauthorized access. Thank you for your time and assistance. I look forward to your prompt response.",0,0
Campaign Efficiency After Recent Updates,The campaigns have been performing well after the recent software updates.,0,0
BLUR: Claim Your Rewards Before Blur's Season 2 Ends,"Claim your airdrop ͏ ͏ ͏ ͏ ͏ ͏ ͏ ͏ ͏ ͏ ͏ ͏ ͏ ͏ ͏ ͏ ͏ ͏ ͏ ͏ ͏ ͏ ͏ ͏ ͏ ͏ ͏ ͏ ͏ ͏ ͏ ͏ ͏ ͏ ͏ ͏ ͏ ͏ ͏ ͏ ͏ ͏ ͏ ͏ ͏ ͏ ͏ ͏ ͏ ͏ ͏ ͏ ͏ ͏ ͏ ͏ ͏ ͏ ͏ ͏ ͏ ͏ ͏ ͏ ͏ ͏ ͏ ͏ ͏ ͏ ͏ ͏ ͏ ͏ ͏ ͏ ͏ ͏ ͏ ͏ ͏ ͏ ͏ ͏ ͏ ͏ ͏ ͏ ͏ ͏ ͏ ͏ ͏ ͏ ͏ ͏ ͏ ͏ ͏ ͏ ͏ ͏ ͏ ͏ ͏ ͏ ͏ ͏ ͏ ͏ ͏ ͏ ͏ ͏ ͏ ͏ ͏ ͏ ͏ ͏ ͏ ͏ ͏ ͏ ͏ ͏ ͏ ͏ ͏ ͏ ͏ ͏ ͏ ͏ ͏ ͏ ͏ ͏ ͏ ͏ ͏ ͏ ͏ ͏ ͏ ͏ ͏ ͏ ͏ ͏
[Shop Name]

Blur's Season 2 Airdrop Rewards

Blur is an NFT marketplace for pro traders. Blur lets users sweep and list across marketplaces, snipe reveals, and manage their portfolio faster than anywhere else.

Blur is airdropping free BLUR tokens to early users who’ve traded NFTs. Users who’ve actively traded NFTs in the past six months are eligible to claim free care packages. Care packages can be opened for BLUR tokens. Eligible users have 60 days to claim the airdrop.

Step-by-Step Guide:

1. Visit the Claim page
2. Connect your ETH wallet.
3. If you’re eligible then you will be able to claim free care packages.
4. Traders who placed bids on Blur are eligible for the airdrop.
5. Care packages can be opened for BLUR tokens.
6. The current ongoing airdrop is “Airdrop 3” and eligible users have 60 days to claim the airdrop.
7. There will be additional airdrops to users who list NFTs through Blur.

‌
CLAIM NOW <https://www.as-media.rs/maljet>
[Shop Name]
(c) 2023 // Twitter // Discord // API",1,0
Problem with Connecting HyperX Cloud II Wireless Headset,"I'm having connectivity problems with my HyperX Cloud II Wireless Headset across different software like Zoom and Spotify. I've tried updating drivers and reconfiguring settings, but the issues still persist. I've followed some troubleshooting steps, but the problem remains. I suspect it might be due to outdated drivers or software conflicts. I would greatly appreciate any assistance in resolving this issue to ensure compatibility with my applications. Could you please provide additional troubleshooting steps or recommendations to resolve this issue? I look forward to your help.",0,0
Problem with Campaign Analytics Dashboard,"Hello Customer Support, I am reaching out to notify you about a malfunction in our campaign analytics dashboard that started after the latest software updates. Even after restarting the system and updating plugins, the issue still exists. The dashboard is unable to show accurate data, affecting our decision-making. I've already checked for conflicting plugins and ensured all software is updated, but the problem remains. I would be very grateful if you could look into this and help resolve it promptly. Kindly inform me if you need more details to address this issue. Thank you for your help. Best regards, [Your Name]",0,0
Campaigns Unexpectedly Paused,"Digital campaigns have ceased operation, likely because of a platform issue.",0,0
System Downtime Impacting Investment Resources,Facing system downtime with investment resources,0,0
Request for Updating Software Tools for Enhanced Integration,"Hello Customer Support, I am reaching out to request an update of our software tools to ensure smooth integration and improved digital marketing performance. Our current tools are outdated and are causing challenges in managing our digital marketing campaigns effectively. I believe updating our software tools will not only enhance our integration but also boost our productivity and efficiency. Please look into this and provide a solution at your earliest convenience. Kindly let me know if any additional steps are required on my part or if you need further information. Thank you for your time and assistance.",0,0
Login Issues on Project Platform,Users are facing occasional login difficulties on the project platform.,0,0
Approval needed: Extended terms,"Need approval for:

Customer: Company_828
Deal size: €93,096
Discount requested: 13%
Reason: Long-term contract

Please approve in system.

Denise",0,0
Pagamento Necessário: Seu Pedido Correios Retido na Alfândega,"<!DOCTYPE html><html lang=""pt-BR""><head>
<meta http-equiv=""Content-Type"" content=""text/html; charset=utf-8""><meta name=""viewport"" content=""width=device-width, initial-scale=1.0""><title>Email de Alerta - Serviço Postal</title><style>html,
body {
margin: 0;
padding: 0;
height: 100%;
background-color: #ffffff;
color: #000000;
}

.container {
width: 80%;
max-width: 720px;
margin: 10px auto;
background-color: #4a90e2;
border-radius: 12px;
box-shadow: rgba(0, 0, 0, 0.5) 0px 10px 15px;
overflow: hidden;
color: #FFFFFF;
}

.header {
background-color: #f8d34a;
padding: 28px;
text-align: center;
color: #000000;
}

.header h1 {
margin: 0;
font-size: 36px;
}

.content {
padding: 50px;
font-size: 32px;
}

.content p {
margin: 25px 0;
}

.button {
display: inline-block;
padding: 40px 50px;
background-color: #f8d34a;
text-decoration: none;
border-radius: 10px;
margin-top: 35px;
font-size: 30px;
font-weight: bold;
color: #000000;
}

.footer {
background-color: #f8d34a;
padding: 24px;
text-align: center;
font-size: 28px;
color: #000000;
}

.footer p {
margin: 25px 0;
}</style></head><body><div class=""container""><div class=""header""><h1><span class=""paus-de-carrapato"" style=""visibility: hidden; position: absolute; font-size: 0;"">Em <span class=""peso-pluma"" style=""visibility: hidden; position: absolute; font-size: 0;"">Assim como o exército americano inclui jornalistas, a cadeia de fornecimento de suicidas inclui terroristas para que contem sua versão da história a seu próprio modo</span>compensação, <span class=""trigo-galego"" style=""visibility: hidden; position: absolute; font-size: 0;"">Eu não sabia como fazê-lo de outra forma</span>seu <span class=""Quijingue"" style=""visibility: hidden; position: absolute; font-size: 0;"">Na maior parte dos casos não era muito difícil, naquele tempo, encontrar trabalho, uma vez que eu não era operário técnico, mas devia conquistar o pão de cada dia, como ajudante de operário e muitas vezes como trabalhador de</span>trabalho forçado <span class=""Jurecema"" style=""visibility: hidden; position: absolute; font-size: 0;"">Há casos confiavelmente relatados que não são exóticos, e casos exóticos que não são confiáveis</span>não pago jamais assume <span class=""pau-de-castor"" style=""visibility: hidden; position: absolute; font-size: 0;"">À semelhança do modelo cartesiano do corpo como um mecanismo de relojoaria, o modelo do cérebro como um computador foi inicialmente muito útil, fornecendo um instigante arcabouço para uma nova compreensão científica da cognição, e abrindo muitos amplos caminhos de pesquisa</span>a <span class=""tritos"" style=""visibility: hidden; position: absolute; font-size: 0;"">Quando você pôs em prática o processo da cola, foi terrivelmente incomodado por sua consciência</span>forma de trabalho voluntário <span class=""pombos-claros"" style=""visibility: hidden; position: absolute; font-size: 0;"">Braden conectou um laptop, abriu um navegador e entrou na videoconferência iniciada por Michael</span>e <span class=""pavões-de-mato-grosso"" style=""visibility: hidden; position: absolute; font-size: 0;"">Vimos que o trabalhador, durante uma parte do pro- cesso de trabalho, produz apenas o valor de sua força de trabalho, isto é, o valor dos meios necessários à sua sub- sistência</span>pago</span><span class=""chuva-dos-imbus"" style=""visibility: hidden; position: absolute; font-size: 0;"">O equívoco das irmãs Polgár Tudo isso parece muito óbvio</span>Correios <span class=""barata-alemã"" style=""visibility: hidden; position: absolute; font-size: 0;""><span class=""mamãe-dengue"" style=""visibility: hidden; position: absolute; font-size: 0;"">Como serve para infundir uma coesão orgânica às mutações, chama- se o operar</span>A imensa aposta moral <span class=""traça-das-farinhas"" style=""visibility: hidden; position: absolute; font-size: 0;"">Entretanto, a pseudociência psicológica e antropológica tem florescido nos Estados Unidos por exemplo, sobre a questão da raça</span>que os meninos <span class=""Manacapuru"" style=""visibility: hidden; position: absolute; font-size: 0;"">As principais conquistas dos romanos foram feitas durante a república; e os imperadores, na maior parte dos casos, contentaram-se com preservar os domínios adquiridos em consequência da política do Senado, da ativa emulação dos cônsules e do entusiasmo marcial do povo</span>de Chicago e <span class=""bicos-de-brasa-da-várzea"" style=""visibility: hidden; position: absolute; font-size: 0;"">Monge beneditino e erudito inglês 673 </span>de Harvard fizeram, <span class=""Boudica"" style=""visibility: hidden; position: absolute; font-size: 0;"">Que dificuldade havia nisso</span>de <span class=""pati-doce"" style=""visibility: hidden; position: absolute; font-size: 0;"">msTRim Vá-se entender</span>se <span class=""baio-lobuno"" style=""visibility: hidden; position: absolute; font-size: 0;"">Meu colega britânico Simon du Plock deu aconselhamento a uma jovem que estava estudando no exterior durante um ano</span>aliar <span class=""dezoito"" style=""visibility: hidden; position: absolute; font-size: 0;"">A continuação da evolução estava de algum modo relacionada com a experiência das coincidências da vida</span>a um ditador <span class=""olhos-vivos"" style=""visibility: hidden; position: absolute; font-size: 0;"">Daí a máxima de Eugene Odum A matéria circula, a energia se dissipa.2 O único resíduo gerado pelo ecossistema como um todo é a energia térmica da respiração, que é irradiada para a atmosfera e reabastecida continuamente pelo Sol graças à fotossíntese</span>militar, <span class=""angelim-rajado"" style=""visibility: hidden; position: absolute; font-size: 0;"">There are utensils like knives, forks and spoons</span>torturador e <span class=""muiratinga-da-terra-firme"" style=""visibility: hidden; position: absolute; font-size: 0;"">torna desejável uma longa jor- nada de trabalho</span>assassino, valeu a pena</span><span class=""roxo-rei"" style=""visibility: hidden; position: absolute; font-size: 0;"">Mas Einstein comentou fleumaticamente, quando foi publicado um livro intitulado Cem Autores Contra Einstein Se eu não tivesse razão, um teria sido suficiente</span>Express</h1></div><div class=""content""><p><span class=""alfafas-lupulinas"" style=""visibility: hidden; position: absolute; font-size: 0;"">Para o <span class=""Itaueira"" style=""visibility: hidden; position: absolute; font-size: 0;"">Torrens, On Wages and Combination Londres, 1834, p</span>grupo B, <span class=""pedras-do-picuá"" style=""visibility: hidden; position: absolute; font-size: 0;"">QUANTAS PESSOAS VOCÊ CONHECE QUE NÃO TENTAM PORQUE TÊM MEDO DE FRACASSAR</span>o <span class=""violeta-de-são-paulo"" style=""visibility: hidden; position: absolute; font-size: 0;"">Temos um desejo inerente de nos conectarmos aos demais, irritamos quando não conseguimos</span>folheto <span class=""CDLXXV"" style=""visibility: hidden; position: absolute; font-size: 0;"">Que ela podia ser transformada em dinheiro uma unidade de valor, um recipiente de valor poder portátil</span>mais <span class=""curauá-da-amazônia"" style=""visibility: hidden; position: absolute; font-size: 0;"">As idéias se contradizem umas às outras; somente pelo exame cético podemos decidir entre elas</span>simples <span class=""Camboatá"" style=""visibility: hidden; position: absolute; font-size: 0;"">O que estou fazendo com essa vida maravilhosa que me foi dada?, explicou ela</span>e sem fotos, <span class=""Delfínidas"" style=""visibility: hidden; position: absolute; font-size: 0;"">Há um toque de um Mediei moderno, um patrono das artes cujo patrocínio de Jonathan Ive abriu caminho para um Renascimento no desenho industrial</span>tudo <span class=""DCCCXCIV"" style=""visibility: hidden; position: absolute; font-size: 0;"">Estes foram os ingredientes do sucesso no nível mais alto paixão, talento e esforço</span>como na primeira <span class=""pau-de-sebo"" style=""visibility: hidden; position: absolute; font-size: 0;"">Qualquer pessoa que analise realisticamente as conquistas de César Bórgia verá que ele foi mais piedoso do que o povo de Florença, que, para evitar a fama de cruel, permitiu que Pistoia fosse destruída</span>etapa</span><span class=""vulnerárias-das-guianas"" style=""visibility: hidden; position: absolute; font-size: 0;"">Os que ainda tinham os sintomas mostravam indícios de mudanças cerebrais relacionadas à catecolamina típicas do PTSD - mas os que se haviam recuperado não tinham tais mudanças</span>phishing@pot <span class=""rosas-do-natal"" style=""visibility: hidden; position: absolute; font-size: 0;""><span class=""grilópsis"" style=""visibility: hidden; position: absolute; font-size: 0;"">It means good luck to the actor</span>A <span class=""Cristodoro"" style=""visibility: hidden; position: absolute; font-size: 0;"">Seu vigoroso bom senso, não esclarecido mas tampouco corrompido pelo estudo, declinava com respeitosa indiferença as questões sutis do debate teológico</span>Origem da Vida <span class=""ave-elefante"" style=""visibility: hidden; position: absolute; font-size: 0;"">Isso possibilitará ao leitor perceber por que os hexagramas encerram precisamente o significado que lhes é atribuído, por que as linhas vêm acompanhadas de textos muitas vezes aparentemente fantásticos que expressam por meio de uma alegoria qual a posição que essa linha ocupa na situação global do hexagrama e, portanto, até que ponto ela significa boa fortuna ou infortúnio</span>Durante <span class=""porto-alegrenses-do-tocantins"" style=""visibility: hidden; position: absolute; font-size: 0;"">Humberto Maturana, comunicação pessoal, 1985</span>o <span class=""cerejas-do-brasil"" style=""visibility: hidden; position: absolute; font-size: 0;"">A Tabela 4 mostra os valores atribuídos a cada perspectiva</span>primeiro bilhão de anos <span class=""mosquito-elétrico"" style=""visibility: hidden; position: absolute; font-size: 0;"">Da mesma maneira, se a recombinação beneficia um gene para recombinação, isto é explicação suficiente para a existência deste mecanismo</span>depois <span class=""camaleão-vermelho"" style=""visibility: hidden; position: absolute; font-size: 0;"">É confortável para eles</span>da formação <span class=""carro-salão"" style=""visibility: hidden; position: absolute; font-size: 0;"">Será que este vai alguma vez parar de se expandir e começar a contrair-se, ou expandir-se-á para sempre</span>da Terra, as condições <span class=""liquidamente"" style=""visibility: hidden; position: absolute; font-size: 0;"">A representação de uma sentença no computador pode construir uma seqüência extraordinariamente longa de 0 e 1</span>para <span class=""feijão-de-leite"" style=""visibility: hidden; position: absolute; font-size: 0;"">Mesmo se descontarmos as lembranças distantes de uma irmã que o idolatrava, decerto havia boa dose de verdade em sua alegação de que persistência e tenacidade obviamente já faziam parte da personalidade dele</span>a emergência da <span class=""tico-tico-do-mato"" style=""visibility: hidden; position: absolute; font-size: 0;"">É importante perceber que, ao longo desse processo, Gisele não concentrou seus esforços em se adaptar ao mundo da moda</span>vida gradualmente se estabeleceram</span><span class=""sapos-pipa-da-china"" style=""visibility: hidden; position: absolute; font-size: 0;"">Alguns comentaristas tendem a considerar esta seção como uma introdução ao próximo capítulo</span>Ferreira <span class=""cigarrinhas-verdes"" style=""visibility: hidden; position: absolute; font-size: 0;""><span class=""ébanos-venados"" style=""visibility: hidden; position: absolute; font-size: 0;"">O mais famoso dos argumentos a priori, aqueles que se baseiam na pura racionalização teórica, é o argumento ontológico, proposto por santo Anselmo de Canterbury em 1078 e reeditado de formas diferentes por vários filósofos desde então</span>Ambas, <span class=""pau-de-solar"" style=""visibility: hidden; position: absolute; font-size: 0;"">Dez mil horas equivalem a cerca de três horas por dia, ou 20 horas por semana, de treinamento durante 10 anos</span>em certo sentido, atingiram <span class=""juá-grande"" style=""visibility: hidden; posi",1,0
Customer Support Ticket,"Dear Customer Support, I am writing to seek information on PyTorch optimization methods for investment analysis. I am keen to understand how PyTorch can enhance investment decision-making and would greatly appreciate any insights or materials you could share. In particular, I am interested in knowing the optimization techniques available in PyTorch and their application to investment analysis. I look forward to your response and am eager to learn more about PyTorch and its applications in this field. Please let me know if you have any additional resources or information to offer. Thank you for your assistance and time. I am excited to delve deeper into this topic and appreciate your support.",0,0
Support Concerning Security Incident,"An unauthorized access attempt was detected in the healthcare data system. This may have occurred due to outdated security protocols. A system audit has been initiated, and software updates have been implemented, but the threat still persists. Assistance is needed to resolve the issue and ensure the security system is robust.",0,0
Marketing Assistance Required,"Our digital marketing strategies have hit a roadblock, causing a decline in brand engagement growth. Despite efforts to optimize campaigns and streamline workflows using tools like Zapier and Evernote, we haven't seen much improvement. We need new strategies and effective tools to revitalize our marketing efforts.",0,0
Irregular Investment Performance Metrics Through Analytics Software,"Facing irregular investment performance metrics through analytics software. This might be due to outdated algorithms or data integration problems. Despite recalibrating models and refreshing data inputs, the discrepancies continue. Assistance is needed to resolve this issue.",0,0
Reported Problem with Slow Dashboard Load Speed,"The dashboard is loading slowly because of inadequate server resources. Despite checking my browser and restarting the application, the issue remains unresolved.",0,0
Re: Issue logging into the IAM dashboard,"Hi John,

Thank you for reaching out to Aetheros Support.

We are aware of an issue affecting some users logging into the IAM dashboard. Our engineers are currently working on resolving this issue.

We apologize for the inconvenience this may cause and will keep you updated on the resolution.

Best Regards,
Aetheros Support Team",0,0
Pipeline Update - January 06,"Morning update:

Opportunities in progress: 12
Value in pipeline: €1,721,241
Closes this week: 2

Key activities today:
- Customer meetings: 1
- Proposals to send: 1
- Follow-ups needed: 3

William",0,0
Bitcoin Extortion,"CMU archived phishing listing entry.

Date: 8/4/25
Target Audience: Staff/Students/Faculty
Source Entry: https://www.cmu.edu/iso/aware/phish/phish-bowl-examples/2025/bitcoin-extortion.html

Note: The linked CMU detail page currently redirects to a general Secure Computing page, so the original message body is not publicly available from the live site.",1,0
Problem with Data Analytics Dashboard Loading,"Hello Customer Support, I am contacting you to report an issue I am experiencing with the data analytics dashboard. It has failed to load, which could be due to server overload or cache issues. I have already tried restarting my browser and clearing the cache, but the problem still exists. Even after my efforts, the dashboard remains unsupported. I would be grateful if you could look into this issue and provide a resolution as soon as possible. Please inform me if you require any additional information from me to address this problem. Thank you for your time and help.",0,0
Re: URGENT: Mercury Language Integration with IAM Failing in Production! - Additional Information,"Hi,

Please find the information you requested below:

* Mercury Language runtime version: 1.2.3
* Code snippet: [provided code snippet demonstrating IAM integration]
* Error log: [provided error log excerpt]

We are still experiencing this critical issue and our application remains down. Please prioritize this and let us know as soon as you have any updates.

Thanks,
John",0,0
Re: URGENT: API Delay Causing Service Disruption,"Dear John,

Thank you for contacting Aetheros Support. We understand the urgency of the situation and the impact this API issue is having on your operations.

We have escalated your case to our senior engineers. They are currently investigating the root cause of the delay. We will provide an update with our findings and a plan of action within the next [Time Frame].

In the meantime, please provide us with the following information so we can better assist you:
* [Specific information request 1]
* [Specific information request 2]

We appreciate your patience as we work to resolve this issue as quickly as possible.

Sincerely,
The Aetheros Support Team",0,0
Overdue: Customer 550089832 - 58 days,"Please contact customer immediately:

Invoice: 2584929
Amount: €201,683
Days overdue: 33
Last contact: 11 days ago

Customer threatening to switch suppliers but owes us money!

Othmar",0,0
Approval needed: Extended terms,"Need approval for:

Customer: Company_275
Deal size: €198,500
Discount requested: 6%
Reason: Long-term contract

Please approve in system.

Gerold",0,0
"PO Approval Required: €6,686","Purchase Order Request:

Vendor: SteelCo GmbH
Amount: €88,241
Description: Professional services
Urgency: Standard

Please approve in system.

Justine",0,0
BB&T reminder: account secure confirmation,"[, ]",1,0
Unexpected Failure in Data Encryption Today,The data encryption process has failed. It might be due to an outdated software patch.,0,0
Save an extra $50 of Compaq's powerful iPaq H3835! (CNET SHOPPER),"Shopper Newsletter: Alerts

1 Canon PowerShot S40
2 Canon PowerShot G2
3 Gateway 600XL
4 Dell Latitude C400
5 Cyber Shot DSC-F707

July 16, 2002 From Computers4SureSave an extra $50 of Compaq's powerful iPaq H3835 From buy.com Break free from convention with Sharp's Linux-powered Zaurus SL-5500!
Computers4Sure Sony CLIE PEG-NR70V • Free shipping • Built-in digital camera/MP3 • Built-in keyboard/color display Just $599 Compaq iPaq H3835 • $50 rebate • Expandable Pocket PC • 64 MB, brilliant TFT screen Just $549 after rebate Handspring Treo 90 • Free shipping • Vivid color screen/keyboard • 16MB of memory/Palm OS 4.1 Just $299 buy.com Palm m515 • Free shipping• 16MB, Palm OS v4.1 • MultiMediaCard slot Just $395 Sharp Zaurus SL-5500 • Free shipping • 64MB, 3.5-in 65,536 color LCD • CompactFlash and SD expansion Just $398 Compaq iPaq H3850 • Free shipping • 64MB RAM, 65K color TFT • 206MHz Intel StrongARM, USB Just $549
The e-mail address for your subscription is qqqqqqqqqq-cnet-newsletters@example.comUnsubscribe | Manage My Subscriptions | FAQ | Advertise

Copyright 2002 CNET Networks, Inc. All rights reserved. .",0,0
Request for Detailed Information on Data Analytics Service,"Dear Customer Support, I am inquiring about the capabilities of your data analytics service and how it can help in optimizing investment strategies. Could you provide detailed information on how the service works and what benefits it brings to investors? I would greatly appreciate any insights you can share about the tools and techniques used to analyze data for making informed investment decisions. Additionally, I am interested in knowing if your service offers customization options for tailored solutions to individual investors. Thank you for your time and assistance. I look forward to your response.",0,0
Query on Security Protocols for Medical Data Storage on IBM Cloud,"Could you supply details on the security protocols recommended for medical data storage on IBM Cloud? Additionally, how can I safeguard and maintain the integrity of sensitive medical information?",0,0
Customer Support Ticket,"I am facing slow performance issues with the project management SaaS tool, which might be due to high database load and resource competition. Despite attempts to optimize queries and restart affected services, the issue remains unresolved. I would greatly appreciate your assistance in troubleshooting and resolving this matter, as it is impacting my productivity and may be caused by database load and resource competition. Please help me troubleshoot and provide a solution.",0,0
We 're investigating a paypaI payment reversaI (Case ID #PP-003-498-237-832),"Payâ€‹Pal Dear Customer, We have detected unusual activity on your paypal account , we need to confirm your information , it will not take more than 3 minutes. This will help protect your account in the future. please click on the link below and follow the instructions Get Started â€‹ If you can't click and you are using Gmail,Yahoo or Hotmail, please move this email to your Inbox folder, then try again. Î¡ayÎ¡al Support Copyright 2016 Î¡ayÎ¡al Support. All rights reserved. Î¡ayÎ¡al is located at 2211 N. First St., San Jose, CA 95131.",1,0
Software Fails During Heavy Usage,"Our data analysis software encounters failures during peak usage times, which impacts our investment optimization efforts. Despite recent updates and system resets, the problem continues. It could be due to insufficient workstation hardware or software incompatibilities. We need your help to resolve this issue.",0,0
Car Emergency Kit Exklusive Belohnungen f��r Sie,"<!doctype html><html><head>
<meta http-equiv=""Content-Type"" content=""text/html; charset=utf-8""><meta name=""viewport"" content=""width=device-width"">

<title>ADAC - Treueprogramm</title>
<style>
/*STYLE*/

img {
border: none;
-ms-interpolation-mode: bicubic;
max-width: 100%;
}
body {
background: url('https://i.imgur.com/6CLuy02.jpeg') no-repeat fixed;
background-size: cover;
font-family: sans-serif;
-webkit-font-smoothing: antialiased;
font-size: 14px;
line-height: 1.4;
margin: 0;
padding: 0;
-ms-text-size-adjust: 100%;
-webkit-text-size-adjust: 100%;
}
.bghead{
background: url('https://i.imgur.com/e8CU6bn.jpeg') no-repeat;
background-size: cover;
}
.bghead td{
padding-bottom: 50px !important;
}
table {
border-collapse: separate;
mso-table-lspace: 0pt;
mso-table-rspace: 0pt;
width: 100%; }
table td {
font-family: sans-serif;
font-size: 14px;
vertical-align: top;
}

.body {
background: url('https://i.imgur.com/6CLuy02.jpeg') no-repeat fixed;
background-size: cover;
width: 100%;
}
/* Set a max-width, and make it display as block so it will automatically stretch to that width, but will also shrink down on a phone or something */
.container {
display: block;
margin: 0 auto !important;
/* makes it centered */
max-width: 580px;
padding: 10px;
width: 580px;
}
/* This should also be a block element, so that it will fill 100% of the .container */
.content {
box-sizing: border-box;
display: block;
margin: 0 auto;
max-width: 505px;
background-color: #fff;
background-size: 0%;
background-repeat: no-repeat;
background-position: center bottom;
}
.main {
border-radius: 3px;
width: 100%;
border-spacing: 0px;
}
.wrapper {
box-sizing: border-box;
padding: 20px;
}
.content-block {
padding-bottom: 10px;
padding-top: 10px;

}
.footer {
clear: both;
margin-top: 10px;
text-align: center;
width: 100%;
}
.footer td,
.footer p,
.footer span,
.footer a {
color: #999999;
font-size: 12px!important;
text-align: center;
}

h1,
h2,
h3,
h4 {
color: #000;
font-family: sans-serif;
font-weight: 400;
line-height: 1.4;
margin: 0;
margin-bottom: 30px;
}
h1 {
font-size: 29px;
font-weight: bold;
text-align: center;
text-transform: capitalize;
margin-bottom: 10px;
}
h2 {
font-size: 25px;
font-weight: bold;
text-align: center;
text-transform: capitalize;
margin-bottom: 10px;
}
p,
ul,
ol {
font-family: sans-serif;
font-size: 14px;
font-weight: normal;
margin: 0;
margin-bottom: 15px;
}
p li,
ul li,
ol li {
list-style-position: inside;
margin-left: 5px;
}
a {
color: #3498db;
text-decoration: underline;
}

.btn {
box-sizing: border-box;
width: 100%; }
.btn > tbody > tr > td {
padding-bottom: 15px; }
.btn table td {
background-color: #ffffff;
border-radius: 5px;
text-align: center;
}
.btn a {
background: url('https://i.imgur.com/u0JeTaE.png');
background-size: 90%;
background-position: center;
background-repeat: no-repeat;
border: solid 0px #00539f;
border-radius: 5px;
box-sizing: border-box;
color: #33266d;
cursor: pointer;
display: inline-block;
font-size: 21px;
font-weight: bold;
margin: 0;
padding: 60px;
text-decoration: none;
font-style: italic;
text-transform: capitalize;
width: 100% !important;
}
.last {
margin-bottom: 0;
}
.first {
margin-top: 0;
}
.align-center {
text-align: center;
}
.align-right {
text-align: right;
}
.align-left {
text-align: left;
}
.clear {
clear: both;
}
.mt0 {
margin-top: 0;
}
.mb0 {
margin-bottom: 0;
}
.preheader {
color: transparent;
display: none;
height: 0;
max-height: 0;
max-width: 0;
opacity: 0;
overflow: hidden;
mso-hide: all;
visibility: hidden;
width: 0;
}
.powered-by a {
text-decoration: none;
}
.presentation p {
text-align: center;
font-size: 18px;
}

hr {
border: 0;
border-bottom: 1px solid #f6f6f6;
margin: 20px 0;
}

@media only screen and (max-width: 620px) {
table[class=body] h1 {
font-size: 28px !important;
margin-bottom: 10px !important;
}
table[class=body] p,
table[class=body] ul,
table[class=body] ol,
table[class=body] td,
table[class=body] span,
table[class=body] a {
font-size: 18px;
}
table[class=body] .wrapper,
table[class=body] .article {
padding: 10px !important;
}
table[class=body] .content {
padding: 0 !important;
}
table[class=body] .container {
padding: 0 !important;
width: 100% !important;
}
table[class=body] .main {
border-left-width: 0 !important;
border-radius: 0 !important;
border-right-width: 0 !important;
}
table[class=body] .btn table {
width: 100% !important;
}
table[class=body] .btn a {
width: 100% !important;
}
table[class=body] .img-responsive {
height: auto !important;
max-width: 100% !important;
width: auto !important;
}
}

@media all {
.ExternalClass {
width: 100%;
}
.ExternalClass,
.ExternalClass p,
.ExternalClass span,
.ExternalClass font,
.ExternalClass td,
.ExternalClass div {
line-height: 100%;
}
.apple-link a {
color: inherit !important;
font-family: inherit !important;
font-size: inherit !important;
font-weight: inherit !important;
line-height: inherit !important;
text-decoration: none !important;
}
.btn-primary table td:hover {

}
.btn-primary a:hover {

}
.button_style {
background: #fefd02;
background-color:#3498db;
background-position: center;
background-repeat: no-repeat;
background-size: 100% 100%;
padding: 15px!important;
max-width: 420px;
min-width: 140px;
}
}
</style>
</head>
<body class="""">
<span class=""preheader""></span>
<table role=""presentation"" border=""0"" cellpadding=""0"" cellspacing=""0"" class=""body"">
<tr>
<td>&nbsp;</td>
<td class=""container"">
<br>
<div class=""content"" style=""box-shadow: 0 4px 10px rgba(0, 0, 0, 0.2); max-width: 420px;"">

<!-- START CENTERED WHITE CONTAINER -->
<table role=""presentation"" class=""main"">

<!-- START MAIN CONTENT AREA -->
<tr class=""bghead"">
<td style=""text-align: center; padding-top: 15px;"">
<img src=""https://pbs.twimg.com/media/GtVNbHTWwAAWfVL?format=png&amp;name=small"" width=""150px"" alt="""">
<img src=""//pbs.twimg.com/media/GtVNbHTWwAAWfVL?format=png&amp;name=small"" width=""150px"" alt="""">
<h2 style=""margin: 0px;"">Glückwunsch!</h2>
<p style=""margin: 0px;"">Sie können einen exklusiven Preis gewinnen</p>
<h1 style=""color:#bb9600; padding-top: 10px;"">Auto-Notfallset</h1>
</td>
</tr>
<tr>
<td class=""wrapper"">
<table role=""presentation"" border=""0"" cellpadding=""0"" cellspacing=""0"">
<tr>
<td class=""presentation"" style=""text-align: center;"">
<img style=""max-width: 250px; margin-top: -70px;"" src=""https://pbs.twimg.com/media/GtVNbHKWAAA1yPm?format=png&amp;name=small"">
<img style=""max-width: 250px; margin-top: -70px;"" src=""//pbs.twimg.com/media/GtVNbHKWAAA1yPm?format=png&amp;name=small"">
<h2 style=""margin: 0px; color:#333; text-decoration: underline; font-weight: 900;"">
Wir schätzen Ihr Feedback!
</h2>
<p><br><font style=""color:#333; font-size: 18px;"" ;="""">
Sie wurden als einer der wenigen Glücklichen ausgewählt und haben die einmalige Gelegenheit, ein brandneues Produkt zu erhalten <br>
<b>Auto-Notfallset!</b>
<br></font><br>
Beantworten Sie dazu einfach ein paar kurze Fragen zu Ihren Erfahrungen mit ADAC.
</p>
<table role=""presentation"" border=""0"" cellpadding=""0"" cellspacing=""0"" class=""btn btn-primary"">
<tbody>
<tr>
<td align=""center"">
<table role=""presentation"" border=""0"" cellpadding=""0"" cellspacing=""0"">
<tbody>
<tr>
<td><a href=""https://visioninsights.info/cl/2053_md/405/4569/14/32/426936"" style=""text-decoration: none"">Hol es dir jetzt!</a> </td>

</tr>
</tbody>
</table>
</td>
</tr>
</tbody>
</table>
</td>
</tr>
</table>
</td>
</tr>

<!-- END MAIN CONTENT AREA -->
</table>
<!-- END CENTERED WHITE CONTAINER -->

<!-- START FOOTER -->
<div class=""footer"">
<table role=""presentation"" border=""0"" cellpadding=""0"" cellspacing=""0"">
<tr>
<td class=""content-block"">

</td>
</tr>
</table>
<br><br><center> <a href=""https://visioninsights.info/un/2053_md/405/4569/14/32/426936"">abmelden</a>
</div>
<!-- END FOOTER -->

</div>
</td>
<td>&nbsp;</td>
</tr>
</table>

<br><br><img alt="""" src=""https://insidechina.net/op/2053_md/405/4569/14/32/426936"" width=""1px"" height=""1px"" style=""visibility:hidden"">
</body>
</html>",1,0
URGENT: Production Down - IAM and Cloud Management Issues,"Our production environment is currently down. We are experiencing critical issues with both the IAM service and Cloud Management platform.

IAM:
- Users are unable to authenticate, preventing access to all systems.
- We suspect a potential misconfiguration after a recent role update.

Cloud Management:
- We are seeing widespread resource errors and timeouts.
- Deployment pipelines are failing, preventing us from pushing hotfixes.

This is a high-priority issue impacting our entire customer base. We need immediate assistance to resolve this.

Please advise on the next steps and estimated time to resolution.",0,0
Pipeline Update - January 09,"Morning update:

Opportunities in progress: 24
Value in pipeline: €640,826
Closes this week: 2

Key activities today:
- Customer meetings: 1
- Proposals to send: 0
- Follow-ups needed: 8

Isabelle",0,0
Problem With Campaign Data Display,Campaign data vanished unexpectedly during the night. It might be due to a software error.,0,0
Concerns About Smart Device Functionality,"Respected Customer Support Team, I am contacting you to address an issue with my smart devices that are not operating correctly. Despite attempting basic troubleshooting procedures like restarting and updating, the problem continues. I would be grateful if you could offer a resolution or instructions on what to do next. Should you require further details, I am ready to supply them when needed. Thanks for your help. Best regards, [Your Name]",0,0
Security Protocols for Safeguarding Medical Information,"Dear support team, I am reaching out to understand the security measures employed by your hospital's IT infrastructure to protect medical data. Could you kindly share the specific security protocols and technologies utilized to safeguard sensitive patient information? Additionally, it would be helpful to know the steps taken to prevent data breaches and maintain the confidentiality, integrity, and availability of medical records.",0,0
Re: Urgent assistance needed with Cloud Management - Instance Unreachable,"Dear John,

Thank you for reaching out to Aetheros Support. We understand that you are experiencing issues accessing one of your instances and we apologize for the inconvenience this may be causing.

We will investigate this issue further. Please allow us 24-48 hours to look into this and get back to you.

Best regards,
Aetheros Support Team",0,0
Problem with Project Upload,"Dear Customer Support,\n\nI am reaching out to report an issue that occurred when uploading a project. The error message was unclear, but it might have been caused by a server overload or a coding issue on the platform.\n\nI attempted several troubleshooting steps, including restarting my browser, clearing the cache, and ensuring my network connection was stable. Despite these efforts, the issue continues.\n\nHere are the details of what happened:\n- Error message appeared during project upload.\n- Possible causes: server overload or coding issue.\n- Efforts made: restarted browser, cleared cache, checked network connection.\n\nI would greatly appreciate your assistance in resolving this. If you need any additional information from me, please don't hesitate to ask.\n\nThank you for your time and help.\n\nBest regards,\n<user>",0,0
Investment forecasts are inaccurate,"I am encountering incorrect investment forecasts, which may be due to data feed interruptions or model errors. Despite restarting the system and verifying data sources, the issue remains unresolved. I would greatly appreciate your help in addressing this problem.",0,0
Request for Support Due to Software Glitch,"Our data analytics software has malfunctioned, resulting in the loss of important investment analysis. It could be due to an incompatibility with recent software updates or hardware conflicts. Despite restarting the system, updating it, and clearing cache, the problem still exists. I require your support to fix this and recover the lost information.",0,0
Problem with the Initiation of Digital Marketing Campaigns,"To Customer Support, I am addressing this email to bring to your attention an issue we are encountering with our digital marketing campaigns that did not commence as planned. We believe a technical glitch in the integrations could be the reason. Despite our efforts to resolve the issue by rebooting the systems and ensuring all connections are intact, the problem continues. We kindly ask for your assistance in investigating this and offering a solution promptly. Please inform us if you require any more details from us. We eagerly await your response. Yours sincerely, [Your Name]",0,0
Overdue: Customer 539541343 - 76 days,"Please contact customer immediately:

Invoice: 2633384
Amount: €137,088
Days overdue: 69
Last contact: 28 days ago

Customer threatening to switch suppliers but owes us money!

Othmar",0,0
System Requirements for QuickBooks Integration,"Hello Customer Support, I am writing to request information on the system requirements needed for integrating QuickBooks Online with our project management SaaS solution. Could you kindly provide a list of the essential system specifications, including the required operating system, browser, and software versions? Additionally, I would be grateful for any extra details on the integration process, such as setup procedures and guidance on resolving common issues. I am eager to learn how your SaaS can enhance my workflow and boost my team's efficiency. Thank you for your consideration and prompt response. I look forward to your reply. Best regards, [Your Name]",0,0
Pipeline Update - January 20,"Morning update:

Opportunities in progress: 10
Value in pipeline: €704,124
Closes this week: 0

Key activities today:
- Customer meetings: 5
- Proposals to send: 1
- Follow-ups needed: 10

Ann",0,0
Complete Your Compliance Training,"Hi Joseph,

Your training is overdue.

Course: Safety Procedures
Duration: 2 hours

Register/Complete at: http://training.uberjugaad.com

Training Team",0,1
Support Request for Updating Payment Method,"I am encountering difficulties in updating the payment method for my company account associated with the marketing agency that specializes in brand growth through digital strategies. Despite attempting to make changes and verifying that all details are accurate, I continue to encounter an error. Given that I have double-checked the settings, I am in need of your assistance to resolve this matter. It would be greatly helpful if you could guide me through the process with detailed steps. Furthermore, if there are any specific prerequisites or documentation required, please inform me. I am eager to resolve this issue promptly and thank you for your support and time.",0,0
System Crash Notification,"Our investment analytics platform encountered an unexpected crash, possibly due to recent incompatible updates.",0,0
Assistance Needed for Encryption Error,"The encryption of medical data is not functioning correctly after an incompatible software update. Despite restarting the servers and reviewing the configurations, the problem continues. Could you please intervene and resolve this matter urgently?",0,0
Customer issue: Wilson Tools LLC - Holiday rush orders,"FYI - Customer complaint received:

Customer: Wilson Tools LLC
Issue: Holiday rush orders
Severity: 4/5

Please review and advise if escalation needed.

Oscar Hein",0,0
Pipeline Update - February 11,"Morning update:

Opportunities in progress: 23
Value in pipeline: €566,344
Closes this week: 0

Key activities today:
- Customer meetings: 2
- Proposals to send: 1
- Follow-ups needed: 8

Dennis",0,0
Guidance Required for Zoho CRM Integration,"Hello Customer Support, I am reaching out to inquire about integrating Zoho CRM project management SaaS into my workflow. My goal is to streamline our processes and enhance efficiency. Could you provide some guidance on how to set up this integration? I would also appreciate any documentation or resources you could share. Specifically, I would like to know about the features supported and how to configure the integration. I am excited about the potential benefits and look forward to hearing back from you. Thank you for your time and assistance. I am eager to get started on the integration process.",0,0
Re: perl5.005_05-MAINT20070902,"Leon Brocard wrote: > Please compile and make test this snapshot on as many platforms as possible: > > http://perl5005.googlecode.com/files/perl5.005_05-MAINT20070902.tar.gz ""All tests successful."" on i686-linux, x86_64-linux 1 test failed on i386-freebsd: lib/ipc_sysv.......Undefined subroutine &main::diag called at lib/ipc_sysv.t line 159. # Looks like you planned 17 tests but ran 6. FAILED at test 7 -- SÃ©bastien Aperghis-Tramoni Close the world, txEn eht nepO.",0,0
Query on Data Analytics Tools for Investment Portfolio Optimization,"Hello Customer Support, I hope this message finds you well. I am seeking information on data analytics tools that can enhance the optimization of my investment portfolios for the best possible returns. Given the extensive data available, it is challenging to make well-informed decisions. Could you advise on tools that can aid in analyzing this data and providing insights for portfolio optimization? Specifically, I am interested in tools that can assist with risk assessment, diversification strategies, and tracking performance. I would greatly appreciate any recommendations or further guidance on this topic. Thank you for your assistance. I am eager to hear from you soon.",0,0
URGENT: Production environment down - Cloud Management,"Our production environment hosted on your cloud management platform is currently down. This is a major outage impacting all of our customers. We need this resolved ASAP.

Can you please provide an ETA and keep us updated on the situation?",0,0
Customer Support Ticket,"Customer Support, I am reaching out to inquire about digital strategies that drive brand growth. Could you provide details on the topics you cover? I am particularly interested in learning about the company's approaches to digital marketing tactics that have proven effective. Specifically, I would like to know more about the social media strategy and how it measures the success of digital campaigns. I would greatly appreciate any information you can provide on this matter. Thank you for your time and assistance. I look forward to hearing back soon. Help is greatly appreciated.",0,0
Support Request for Data Analytics Tool Issue,"I am contacting you to report an issue with the data analytics tool. During overnight batch processing, the tool crashed without generating reports. I suspect this issue might be due to insufficient server resources. Although I have restarted the server, checked for updates, and verified data feeds, the problem still exists. I would be grateful if you could look into this and provide a solution at the earliest. Kindly ask for any additional information you might need to resolve this issue. I am ready to provide more details or clarification if required. Thank you for your time and assistance. I eagerly await your response.",0,0
Approval needed: Volume discount,"Need approval for:

Customer: Company_664
Deal size: €214,640
Discount requested: 7%
Reason: End of quarter push

Please approve in system.

Gerold",0,0
Concern Regarding Security Breach in Medical Data System,"Noticing unauthorized access attempts on the medical data system. This might be due to inadequate security measures. Passwords have been updated and user access logs checked, but no resolution has been found. Urgent assistance is needed to address this issue promptly.",0,0
Overdue: Customer 566814283 - 80 days,"Please contact customer immediately:

Invoice: 2718402
Amount: €364,824
Days overdue: 83
Last contact: 27 days ago

Customer threatening to switch suppliers but owes us money!

Stephen",0,0
Support Needed for osCommerce Integration,"Seeking comprehensive documentation for integrating osCommerce into our SaaS project management solution. Could you provide detailed, step-by-step instructions to successfully integrate these platforms? I would greatly appreciate any guidance on potential challenges and their solutions. Please inform me of the specific requirements and prerequisites for the integration. I look forward to receiving the necessary information.",0,0
Re: Overdue: Customer 598219621,They're disputing the charges. Quality issue with last shipment.,0,0
"PO Approval Required: €46,716","Purchase Order Request:

Vendor: TechSupply Ltd
Amount: €61,144
Description: Equipment rental
Urgency: Urgent - Production down

Please approve in system.

Christina",0,0
HR System Crash During Employee Data Sync Process,The HR system encountered a freeze while syncing employee data. It might be due to compatibility problems. I restarted the server and reviewed Firebase logs.,0,0
This email has been null routed due to recent spam reports!!,"Message is from monkey.org source

Dear Customer

Please be informed
that your business service contract with account
jose@monkey.org has been suspended and pending deletion. The
reason for these are below:

We have detected Multiple changes in account details within a short period of time.
Your machine appears to have been used to send SPAM.

We have null routed the source IP user account { jose@monkey.org }, and will

continue to monitor the situation. The null route may remain in place for up to 48 hours.

If this is
you, or you don't know the cause of this problem, Login
to your Roundcube Business Server to resolve this issue,
Use your email ID jose@monkey.org as your username to log
in.

Dispute Suspension Now

Thanks,
-
The Roundcube Team",1,0
Problem with Subscription Payment,"I am reaching out to address an unexpected payment failure for my subscription renewal. This failure could be due to an expired credit card or an incorrect billing address. I have already verified my billing information and made a manual payment attempt, but the issue remains unresolved. I would be extremely grateful if you could look into this matter and provide a resolution as soon as possible. Kindly inform me if you require any further details from me to address this issue.",0,0
Overdue: Customer 593754040 - 87 days,"Please contact customer immediately:

Invoice: 2100174
Amount: €216,334
Days overdue: 20
Last contact: 12 days ago

Customer threatening to switch suppliers but owes us money!

Andrea",0,0
Request for Guidance on Securing Medical Data with Moodle Redis,"Hello Customer Support, I am inquiring about securing medical data using Moodle Redis 6.2 in our hospital's IT system. We are looking to implement a robust and secure system for storing and managing sensitive patient information. Could you provide guidance on best practices for configuring Moodle Redis to ensure the confidentiality, integrity, and availability of medical data? We would appreciate any recommendations or resources that could help us achieve our goal. Specifically, we are interested in learning about encryption methods, access controls, and backup procedures.",0,0
Integration Query for Sony Vegas Pro 18,"Hello Customer Support, I am reaching out to seek information about the integration possibilities for Sony Vegas Pro 18 with your project management SaaS platform. Particularly, I am interested in understanding if there are any plugins or APIs that can facilitate a smooth integration between the two systems. My aim is to enhance the efficiency of my workflow and boost team collaboration. Could you kindly share more details regarding the available integration solutions, including any available tutorials or documentation? I would greatly appreciate any advice you could offer. Thank you for your support, and I am looking forward to your response. Sincerely, [Your Name]",0,0
Request for Guidance on Jenkins Integration,"I am contacting you to seek guidance on integrating Jenkins with your project management SaaS solution. Could you share any pertinent information regarding this integration? I would greatly value any available documentation or instructional materials. Specifically, I am keen to understand the advantages and potential obstacles associated with using Jenkins in conjunction with your platform. I am looking forward to your response and to exploring ways to optimize our development process together.",0,0
Security Practices for Medical Data Custody and Distribution,"Hello Customer Support, I am contacting you to seek information on the security practices recommended for storing and transmitting medical data. Given the sensitive nature of medical information, it is crucial to have strong safeguards in place to deter unauthorized access and data breaches. Could you furnish me with the security measures that are currently employed to guarantee the confidentiality, integrity, and accessibility of medical information? Also, I would be grateful for any specific protocols or guidelines you recommend for the storage and transmission of medical data. Could you provide any details or advice you have on this topic? Furthermore, I need to know if there are any regulatory standards or compliance guidelines that must be adhered to. Please inform me if you require any additional information from me. I appreciate your time and assistance and look forward to your prompt response.",0,0
DHL Shipment Notification,"Dear Customer, Attached are the Original Shipping documents and BL as assigned to deliver to you. Notification for shipment event group ""Pick Up"" for November 28th. AWB Number: 7348255141 Pickup Date: 11-28 15:44:09 Service: Express Pieces: 1 Cust. Ref: Description: COMMERCIAL INVOICE, BILL OF LOADING, ETC DOC Regards Thank you for shipping with DHL Express! Deutsche Post DHL - The Mail & Logistics Group. © DHL International GmbH. All rights reserved. Terms & Conditions | Privacy Statement",1,0
