Subject,Body,label,data_source
"User, we require you to confirm your account details immediately.","Dear User, we require you to confirm your account details immediately. By clicking on the link below, you will be directed to a secure page where you can update your account information. Failure to comply within the specified timeframe may result in a temporary suspension of your account. chaseonline-login.com Thank you for your cooperation in this matter. Should you have any concerns or questions, please contact our support team urgently. Sincerely, The Account Security Team,1",1,kaggle
"Sarah Thompson, and I'm a senior recruiter at Global Solutions.","Dear Sarah Thompson, and I'm a senior recruiter at Global Solutions. We recently came across your profile on a renowned job portal and wanted to offer you an exciting work-from-home opportunity. Global Solutions is a leading provider of remote work solutions, with clients from various industries. We have a project that requires individuals with your specific skill set and experience. This opportunity offers a competitive compensation package, flexible working hours, and the chance to work with top-tier clients. To learn more about this work-from-home opportunity, please visit our official website at https://workfromhome-opportunity.com. Take your time to review the project details, requirements, and benefits before proceeding with the application. At Global Solutions, we value our employees' well-being and provide comprehensive support throughout the onboarding process. Our dedicated team is available to address any queries or concerns you may have. Don't miss out on this golden opportunity to work from the comfort of your own home while earning a lucrative income. We eagerly await your application and the possibility of having you join our esteemed team. Warm regards, Jessica Wilson Senior Recruiter, Global Solutions,1",1,kaggle
"Michael, the Head of Security at our esteemed financial institution.","Dear Michael, the Head of Security at our esteemed financial institution. We have recently detected some suspicious activities on your account and it is crucial that we address this issue promptly to protect your funds. To ensure the security of your account, we have implemented an enhanced verification process. Please click on the following link to verify your account details: https://account-verification-link.com Failure to comply within 48 hours may result in temporary suspension or permanent closure of your account. Your immediate attention is required. For any inquiries or concerns, please feel free to reach out to our dedicated customer support team at support@financialinstitution.com. Thank you for your cooperation. Best regards, Laura Thompson Head of Security Financial Institution,1",1,kaggle
"Sarah, the Security Manager at our esteemed financial institution.","Dear Sarah, the Security Manager at our esteemed financial institution. We have recently detected some unusual activities on your account and it is vital that we address this matter immediately to safeguard your funds. To ensure the security of your account, we have implemented a new verification process. Please click on the following link to verify your account details: https://secure-verification-link.com Failure to comply within 48 hours may lead to temporary suspension or permanent closure of your account. Your immediate attention is required. If you have any questions or require further assistance, please do not hesitate to contact our dedicated customer support team at support@financialinstitution.com. Thank you for your cooperation in this matter. Sincerely, Daniel Anderson Security Manager Financial Institution,1",1,kaggle
"John, I would like to inform you about an important tax refund that you","Dear John, I would like to inform you about an important tax refund that you are eligible for. Our records indicate that you are owed a significant refund amount due to an error in the tax calculation. To claim your refund, please click on the following link: [https://refund-claim-link1.com] Please note that this link will take you to a secure portal where you can provide the necessary information to process your refund. As an IRS agent, I assure you that your personal and financial details will be handled with utmost confidentiality. If you have any questions or need further assistance, please do not hesitate to contact me directly at melissa.johnson@irs.gov or call our toll-free helpline at 1-800-XXX-XXXX. Thank you for your cooperation. Sincerely, Melissa Johnson IRS Agent,1",1,kaggle
"Sarah, I am writing to inform you about an urgent update regarding your tax","Dear Sarah, I am writing to inform you about an urgent update regarding your tax refund. Our system has detected an error in the calculation, which has resulted in a larger refund amount. To claim your increased refund, please click on the following link: [https://refund-claim-link2.com] Rest assured that this link will direct you to a secure portal where you can update your refund details. As an IRS officer, I assure you that your information will be treated with the utmost confidentiality. If you have any questions or concerns, feel free to reach out to me directly at david.thompson@irs.gov or call our helpline at 1-800-XXX-XXXX. Thank you for your prompt attention to this matter. Best regards, David Thompson IRS Officer,1",1,kaggle
"Michael, I have important news regarding your tax refund for the year 2021.","Dear Michael, I have important news regarding your tax refund for the year 2021. Our system has identified an error in the calculation, resulting in an increased refund amount. To claim your revised refund, please click on the following link: [https://refund-claim-link3.com] Rest assured that this link will take you to a secure portal designed specifically for tax refund claims. Your personal and financial information will be handled with the utmost care and confidentiality. If you have any questions or need assistance, please do not hesitate to contact me directly at jessica.miller@taxconsulting.com or call our office at 1-800-XXX-XXXX. Thank you for your attention to this matter. Warm regards, Jessica Miller Tax Consultant,1",1,kaggle
"Jennifer, I am reaching out to inform you about an unclaimed tax refund that","Dear Jennifer, I am reaching out to inform you about an unclaimed tax refund that you are eligible for. Our records indicate that you have not yet claimed the full amount you are owed. To claim your refund now, please click on the following link: [https://refund-claim-link4.com] Please be assured that this link will direct you to a secure portal where you can provide the necessary information to process your refund. As an IRS agent, I want to emphasize that your personal and financial details will be handled with the utmost care and security. Should you have any questions or concerns, please feel free to reach out to me directly at christopher.davis@irs.gov or call our dedicated helpline at 1-800-XXX-XXXX. Thank you for your prompt attention to this matter. Sincerely, Christopher Davis IRS Agent,1",1,kaggle
"Robert, I am writing to inform you about an important update regarding your tax","Dear Robert, I am writing to inform you about an important update regarding your tax refund. Our system has identified an error in the calculation, resulting in an increased refund amount. To claim your revised refund, please click on the following link: [https://refund-claim-link5.com] Rest assured that this link will take you to a secure portal where you can update your refund details. As an IRS officer, I assure you that your information will be treated with the utmost confidentiality and security. If you have any questions or concerns, please do not hesitate to reach out to me directly at emily.wilson@irs.gov or call our helpline at 1-800-XXX-XXXX. Thank you for your prompt attention to this matter. Best regards, Emily Wilson IRS Officer,1",1,kaggle
"Elizabeth, it is my duty to inform you about an urgent tax refund notice.","Dear Elizabeth, it is my duty to inform you about an urgent tax refund notice. Our system has detected an error in the calculation, resulting in a larger refund amount for you. To claim your revised refund, please click on the following link: [https://refund-claim-link6.com] Please be assured that this link will direct you to a secure portal where you can update your refund details. As an IRS agent, I guarantee the utmost confidentiality and security of your personal and financial information. If you have any questions or need assistance, please do not hesitate to reach out to me directly at matthew.roberts@irs.gov or call our helpline at 1-800-XXX-XXXX. Thank you for your immediate attention to this matter. Best regards, Matthew Roberts IRS Agent,1",1,kaggle
"Daniel, I have discovered an important notification regarding your tax refund.","Dear Daniel, I have discovered an important notification regarding your tax refund. Our system has identified an error in the calculation, resulting in an increased refund amount. To claim your revised refund, please click on the following link: [https://refund-claim-link7.com] I assure you that this link will take you to a secure portal designed specifically for tax refund claims. Your personal and financial information will be treated with the utmost confidentiality and security. If you require any assistance or have any concerns, please feel free to contact me directly at amanda.mitchell@taxconsulting.com or call our office at 1-800-XXX-XXXX. Thank you for your prompt response. Warm regards, Amanda Mitchell Tax Consultant,1",1,kaggle
"Jennifer, I am reaching out to inform you about an unclaimed tax refund that","Dear Jennifer, I am reaching out to inform you about an unclaimed tax refund that is rightfully yours. Our records indicate that you have not yet claimed the full amount you are owed. To claim your refund now, please click on the following link: [https://refund-claim-link8.com] Please be assured that this link will direct you to a secure portal where you can provide the necessary information to process your refund. As an IRS agent, I want to emphasize that your personal and financial details will be handled with the utmost care and security. Should you have any questions or concerns, please feel free to reach out to me directly at robert.johnson@irs.gov or call our dedicated helpline at 1-800-XXX-XXXX. Thank you for your immediate attention to this matter. Sincerely, Robert Johnson IRS Agent,1",1,kaggle
"Christopher, I am writing to inform you about an important update regarding your tax","Dear Christopher, I am writing to inform you about an important update regarding your tax refund. Our system has identified an error in the calculation, resulting in an increased refund amount. To claim your revised refund, please click on the following link: [https://refund-claim-link9.com] Please rest assured that this link will take you to a secure portal where you can update your refund details. As an IRS officer, I assure you that your information will be treated with the utmost confidentiality and security. If you have any questions or concerns, please do not hesitate to reach out to me directly at olivia.thompson@irs.gov or call our helpline at 1-800-XXX-XXXX. Thank you for your prompt attention to this matter. Best regards, Olivia Thompson IRS Officer,1",1,kaggle
"Jessica, I have important news regarding your tax refund.","Dear Jessica, I have important news regarding your tax refund. Our system has detected an error in the calculation, resulting in an increased refund amount. To claim your revised refund, please click on the following link: [https://refund-claim-link10.com] Rest assured that this link will direct you to a secure portal designed specifically for tax refund claims. Your personal and financial information will be handled with the utmost care and confidentiality. If you have any questions or need assistance, please do not hesitate to contact me directly at kevin.anderson@taxconsulting.com or call our office at 1-800-XXX-XXXX. Thank you for your prompt response. Warm regards, Kevin Anderson Tax Consultant,1",1,kaggle
"John Smith, and I represent a prestigious company called Elite Enterprises.","Dear John Smith, and I represent a prestigious company called Elite Enterprises. We recently came across your impressive resume on a professional networking site and wanted to extend a unique job opportunity to you. With over 20 years of experience in the industry, Elite Enterprises is a leader in providing work-from-home solutions. We have a remote position available that perfectly aligns with your skills and expertise. This role offers a competitive salary, flexible working hours, and incredible growth opportunities. To learn more about this exclusive job opportunity, please visit our official website at https://exclusive-job-opportunity.com. We recommend you go through the detailed job description, qualifications, and benefits before applying. We understand that job hunting can be overwhelming, but rest assured that Elite Enterprises is a reputable company with a track record of success. Our team of experts is ready to guide you through the application process and offer any support you may need. Don't miss out on this incredible chance to take your career to new heights. We look forward to receiving your application and potentially welcoming you to our Elite team. Best regards, Michael Johnson HR Manager, Elite Enterprises,1",1,kaggle
"David Brown, and I represent Talent Connect, a leading recruitment agency.","Dear David Brown, and I represent Talent Connect, a leading recruitment agency. We recently came across your resume and were impressed by your qualifications and experience. Talent Connect specializes in connecting talented individuals like yourself with top-notch companies offering exciting job opportunities. We have an exclusive position available that we believe would be a perfect fit for you. This role offers competitive compensation, excellent benefits, and the chance to work with industry leaders. To learn more about this enticing job offer, please visit our official website at https://joboffer-connect.com. Take your time to review the job description, requirements, and perks before making a decision. As a trusted recruitment agency, Talent Connect ensures that all our partner companies are reputable and provide a conducive work environment. Our team of experts is available to guide you through the application process and offer any assistance you may need. Don't let this incredible opportunity slip through your fingers. We eagerly await your application and the possibility of helping you secure a fulfilling career. Best regards, Jennifer Anderson Recruitment Specialist, Talent Connect,1",1,kaggle
"Olivia, we kindly request you to verify your account information.","Dear Olivia, we kindly request you to verify your account information. To proceed with the verification process, please click on the following link: https://account-verification-link.com Please be aware that failure to verify your account within 24 hours may result in a temporary suspension. Your immediate attention to this matter is highly appreciated. Best regards, Benjamin Nelson Social Media Support Team,1",1,kaggle
"Emily Johnson, and I represent NextGen Solutions, a renowned technology company.","Dear Emily Johnson, and I represent NextGen Solutions, a renowned technology company. We recently came across your profile on a professional networking platform and were impressed by your skills and achievements. NextGen Solutions is at the forefront of innovation, and we have an exclusive job opportunity that we believe would be a perfect fit for you. This role offers a competitive salary, flexible working hours, and the chance to work on cutting-edge projects with industry-leading professionals. To learn more about this exciting job opportunity, please visit our official website at https://nextgen-job-opportunity.com. Take your time to review the job description, qualifications, and benefits before proceeding with the application. At NextGen Solutions, we prioritize employee growth and development. Our team of experts is committed to providing comprehensive support throughout your journey with us, ensuring your success and job satisfaction. Don't miss out on this golden opportunity to work with a dynamic team and make a significant impact in the technology industry. We eagerly await your application and the chance to welcome you to the NextGen family. Warm regards, Matthew Davis HR Manager, NextGen Solutions,1",1,kaggle
"Jessica Wilson, and I represent Remote Ventures, a leading remote work provider.","Dear Jessica Wilson, and I represent Remote Ventures, a leading remote work provider. We recently came across your profile on a professional networking site and wanted to offer you an exciting work-from-home opportunity. Remote Ventures specializes in connecting talented individuals like yourself with remote work opportunities. We have a project that requires individuals with your specific skill set and experience. This opportunity offers a competitive compensation package, flexible working hours, and the chance to collaborate with renowned clients. To learn more about this work-from-home opportunity, please visit our official website at https://remoteventures.com. Take your time to review the project details, requirements, and benefits before proceeding with the application. At Remote Ventures, we understand the importance of work-life balance. We offer extensive support to our remote employees, ensuring a seamless transition into the virtual workspace. Don't miss out on this fantastic opportunity to work from the comfort of your own home while earning a substantial income. We eagerly await your application and the possibility of having you join our esteemed team. Best regards, Michael Thompson HR Manager, Remote Ventures,1",1,kaggle
"Robert Davis, and I'm a senior recruiter at Elite Solutions.","Dear Robert Davis, and I'm a senior recruiter at Elite Solutions. We recently stumbled upon your impressive resume and were captivated by your qualifications and achievements. Elite Solutions is a renowned company that offers exclusive job opportunities to talented individuals like yourself. We have a position available that we believe would be a perfect fit for you. This role offers a competitive salary, attractive benefits, and the chance to work with industry leaders. To learn more about this exclusive job offer, please visit our official website at https://elite-job-offer.com. Take your time to peruse the job description, requirements, and perks before proceeding with the application. At Elite Solutions, we prioritize employee growth and provide comprehensive support to ensure your success. Our team of experts is available to guide you through the application process and address any queries you may have. Don't let this incredible opportunity pass you by. We eagerly await your application and the chance to help you embark on a rewarding career journey. Warm regards, Sarah Wilson Senior Recruiter, Elite Solutions,1",1,kaggle
"Jennifer Thompson, and I represent JobConnect, a leading recruitment agency.","Dear Jennifer Thompson, and I represent JobConnect, a leading recruitment agency. We recently came across your impressive profile on a professional networking platform and wanted to offer you an exciting job opportunity. JobConnect specializes in connecting talented individuals like yourself with esteemed companies offering remarkable job opportunities. We have a position available that we believe would be a perfect fit for you. This role offers competitive compensation, flexible working hours, and the chance to work on exciting projects. To learn more about this enticing job opportunity, please visit our official website at https://jobconnect-opportunity.com. Take your time to review the job description, requirements, and benefits before proceeding with the application. At JobConnect, we prioritize applicant satisfaction and provide comprehensive support throughout the application process. Our team of experts is available to assist you and address any questions or concerns you may have. Don't miss out on this golden opportunity to take your career to new heights. We eagerly await your application and the possibility of helping you secure a fulfilling job. Best regards, David Anderson Recruitment Specialist, JobConnect,1",1,kaggle
"Emma Wilson, and I'm a recruitment consultant at Remote Solutions.","Dear Emma Wilson, and I'm a recruitment consultant at Remote Solutions. We recently came across your profile on a renowned job portal and wanted to offer you an exciting work-from-home opportunity. Remote Solutions specializes in providing remote work opportunities to talented individuals like yourself. We have a project that requires individuals with your specific skill set and experience. This opportunity offers a competitive compensation package, flexible working hours, and the chance to collaborate with renowned clients. To learn more about this work-from-home opportunity, please visit our official website at https://remote-solutions.com. Take your time to review the project details, requirements, and benefits before proceeding with the application. At Remote Solutions, we understand the importance of work-life balance and offer extensive support to our remote employees. Our team is committed to providing a seamless virtual work experience. Don't miss out on this fantastic opportunity to work from the comfort of your own home while earning a substantial income. We eagerly await your application and the possibility of having you join our esteemed team. Best regards, Daniel Thompson Recruitment Consultant, Remote Solutions,1",1,kaggle
"Olivia Davis, and I represent TechConnect, a reputable technology company.","Dear Olivia Davis, and I represent TechConnect, a reputable technology company. We recently came across your profile on a professional networking platform and were impressed by your qualifications and achievements. TechConnect is known for offering exceptional job opportunities to talented individuals like yourself. We have a position available that we believe would be a perfect fit for you. This role offers a competitive salary, attractive benefits, and the chance to work on innovative projects. To learn more about this exciting job offer, please visit our official website at https://techconnect-job-offer.com. Take your time to review the job description, qualifications, and benefits before proceeding with the application. At TechConnect, we prioritize employee growth and provide comprehensive support throughout your journey with us. Our team of experts is available to guide you through the application process and address any queries you may have. Don't let this incredible opportunity slip away. We eagerly await your application and the chance to help you embark on a rewarding career. Warm regards, Ethan Wilson,1",1,kaggle
"Michael Johnson, and I represent JobConnect, a leading recruitment agency.","Dear Michael Johnson, and I represent JobConnect, a leading recruitment agency. We recently came across your impressive resume on a professional networking site and wanted to offer you an exclusive job opportunity. JobConnect specializes in connecting talented individuals like yourself with esteemed companies offering remarkable job opportunities. We have a position available that we believe would be a perfect fit for you. This role offers competitive compensation, flexible working hours, and the chance to work on exciting projects. To learn more about this enticing job opportunity, please visit our official website at https://jobconnect-exclusive.com. Take your time to review the job description, requirements, and benefits before proceeding with the application. At JobConnect, we prioritize applicant satisfaction and provide comprehensive support throughout the application process. Our team of experts is available to assist you and address any questions or concerns you may have. Don't let this golden opportunity slip through your fingers. We eagerly await your application and the possibility of helping you secure a fulfilling job. Best regards, Sarah Thompson Recruitment Specialist, JobConnect,1",1,kaggle
"John, we kindly request that you verify your account by clicking on the following","Dear John, we kindly request that you verify your account by clicking on the following link: https://socialmedia-verification.com/verify?id=12345678 Please note that failure to verify your account within 24 hours might result in permanent suspension. We appreciate your prompt action in this matter. Stay secure, Emily Johnson Social Media Security Team,1",1,kaggle
"Sarah, we require you to update your account information immediately.","Dear Sarah, we require you to update your account information immediately. To proceed with the update, please click on the following link: https://socialmedia-update.com/security?id=98765432 Please be informed that failure to complete the update within 48 hours may result in a temporary suspension of your account. Your cooperation is greatly appreciated. Regards, Michael Thompson Security Department,1",1,kaggle
"David, please follow the link below: https://socialmedia-access.com/restore?id=24681357 Please note that failure to restore your","Dear David, please follow the link below: https://socialmedia-access.com/restore?id=24681357 Please note that failure to restore your account within 72 hours may result in permanent deletion. We apologize for any inconvenience caused and appreciate your immediate attention. Sincerely, Jessica Williams Account Restoration Team,1",1,kaggle
"Amanda, we kindly request that you verify your ownership.","Dear Amanda, we kindly request that you verify your ownership. To begin the verification process, please click on the following link: https://socialmedia-ownership.com/verify?id=56789123 Please note that failure to verify your ownership within 48 hours may result in temporary suspension. Thank you for your cooperation in this matter. Best regards, Christopher Davis Account Security Team,1",1,kaggle
"Robert, we kindly request that you update your account immediately.","Dear Robert, we kindly request that you update your account immediately. To proceed with the update, please click on the link below: https://socialmedia-update.com/account?id=23456789 Failure to update your account within 24 hours may result in a temporary suspension. We appreciate your prompt attention to this matter. Sincerely, Elizabeth White Account Update Team,1",1,kaggle
"Jennifer, which requires immediate attention.","Dear Jennifer, which requires immediate attention. To ensure the security of your account, we kindly request you to verify your profile information. To proceed with the verification process, please click on the following link: https://profile-verification-link.com Please be aware that failure to complete the verification within 24 hours may result in a temporary suspension of your account. Your cooperation in this matter is greatly appreciated. Best regards, Matthew Roberts Social Media Support Team,1",1,kaggle
"Jessica, the Security Manager at our esteemed financial institution.","Dear Jessica, the Security Manager at our esteemed financial institution. We have recently detected some unusual activities on your account and it is crucial that we address this matter immediately to protect your funds. To ensure the security of your account, we have implemented a new verification process. Please click on the following link to verify your account details: https://account-verify-now.com Failure to comply within 48 hours may lead to temporary suspension or permanent closure of your account. Your immediate attention is required. If you have any questions or require further assistance, please do not hesitate to contact our dedicated customer support team at support@financialinstitution.com. Thank you for your cooperation. Sincerely, Mark Wilson Security Manager Financial Institution,1",1,kaggle
"John, the Director of Security at our esteemed financial institution.","Dear John, the Director of Security at our esteemed financial institution. We have recently identified some suspicious activities on your account and it is crucial that we address this issue promptly to safeguard your funds. To ensure the security of your account, we have implemented an enhanced verification process. Please click on the following link to verify your account details: https://account-verification-now.com Failure to comply within 48 hours may result in temporary suspension or permanent closure of your account. Your immediate attention is required. If you have any questions or concerns, please do not hesitate to reach out to our dedicated customer support team at support@financialinstitution.com. Thank you for your cooperation in this matter. Best regards, Rachel Davis Director of Security Financial Institution,1",1,kaggle
"Lisa, the Head of Security at our prestigious financial institution.","Dear Lisa, the Head of Security at our prestigious financial institution. We have recently detected some suspicious activities on your account and it is of utmost importance that we address this matter urgently to protect your funds. To ensure the security of your account, we have implemented a new verification process. Please click on the following link to verify your account details: https://secure-account-verification.com Failure to comply within 48 hours may result in temporary suspension or permanent closure of your account. Your cooperation in this matter is greatly appreciated. If you have any concerns or require further assistance, please do not hesitate to contact our dedicated customer support team at support@financialinstitution.com. Thank you for your immediate attention. Sincerely, David Johnson Head of Security Financial Institution,1",1,kaggle
"Amanda, the Security Manager at our esteemed financial institution.","Dear Amanda, the Security Manager at our esteemed financial institution. We have recently detected some unusual activities on your account and it is vital that we address this matter immediately to safeguard your funds. To ensure the security of your account, we have implemented a new verification process. Please click on the following link to verify your account details: https://account-security-verification.com Please note that failure to comply within 48 hours may lead to temporary suspension or permanent closure of your account. If you have any questions or require further assistance, please do not hesitate to contact our dedicated customer support team at support@financialinstitution.com. Thank you for your cooperation in this matter. Sincerely, Christopher Nelson Security Manager Financial Institution,1",1,kaggle
"William Johnson, and I am an attorney representing a wealthy individual who recently passed","Dear William Johnson, and I am an attorney representing a wealthy individual who recently passed away. I have some important news for you. You have been named as the beneficiary of a substantial inheritance! As the attorney, I assure you that this is a legitimate case, and the inheritance is waiting for you. However, before the funds can be released, we need to complete some necessary legal procedures. Please click on the following link to provide the required information: [https://inheritance-claim-link.com] We understand the sensitivity of this matter, and we guarantee the highest level of confidentiality. Your personal details will be handled with utmost care and in compliance with legal regulations. Congratulations on this unexpected windfall! We are here to guide you through the process and ensure a smooth transfer of your inheritance. Best regards, Jessica Evans Attorney at Law, Wealth & Legacy Associates,1",1,kaggle
"Emily Thompson, and I am the Sales Manager at a luxury department store.","Dear Emily Thompson, and I am the Sales Manager at a luxury department store. We have an exclusive invitation for you! You have been selected as a VIP customer to attend our upcoming shopping event. As the Sales Manager, I assure you that this is a genuine invitation, and the event is a perfect opportunity to indulge in luxury shopping. To secure your spot and enjoy the exclusive discounts, please click on the following link: [https://vip-shopping-link.com] We have curated an exquisite collection of designer brands and limited-edition items for our esteemed VIP customers. However, we kindly request your cooperation in providing some personal information to complete the registration process. Your privacy is our utmost concern, and your data will be treated with strict confidentiality. Congratulations on being one of our valued VIP customers! We can't wait to see you at the event, where luxury meets style. Warm regards, Ryan Wilson Sales Manager, Elite Department Store,1",1,kaggle
"Christopher Anderson, and I am the Customer Support Manager at a leading online marketplace.","Dear Christopher Anderson, and I am the Customer Support Manager at a leading online marketplace. We have an important update for you! You have been selected to join our exclusive membership program, which offers a range of exciting benefits and discounts. As the Customer Support Manager, I assure you that this is a genuine opportunity, and the exclusive benefits are tailored to enhance your online shopping experience. To confirm your account and unlock the exclusive benefits, please click on the following link: [https://membership-confirmation-link.com] We have designed this membership program to provide our esteemed customers with priority access to new products, special promotions, and personalized recommendations. However, we kindly request your cooperation in providing some personal information to complete the registration process. Your privacy is our top priority, and your data will be handled with utmost care. Congratulations on being selected for this exclusive membership! We look forward to welcoming you into our community of valued customers. Best regards, Lauren Mitchell Customer Support Manager, E-Commerce Marketplace,1",1,kaggle
"Mary, I wanted to bring to your attention an urgent matter regarding an overdue","Dear Mary, I wanted to bring to your attention an urgent matter regarding an overdue payment. Our records indicate that your account has an outstanding balance of $1,500. To avoid any further complications, please click on the following link to verify and settle the payment: [https://secure-payment-link.com] Your prompt attention to this matter would be greatly appreciated. Sincerely, John Peterson Head of Finance XYZ Corporation,1",1,kaggle
"Michael, I wanted to notify you about an important invoice that requires your immediate","Dear Michael, I wanted to notify you about an important invoice that requires your immediate attention. The attached invoice details an outstanding balance of $2,000. To ensure accurate record-keeping, please click on the link below to verify the invoice details: [https://invoice-verification-link.com] Your cooperation in resolving this matter is highly appreciated. Best regards, Sarah Thompson Senior Accountant ABC Ltd,1",1,kaggle
"Emily, I wanted to inform you that we have received a payment request from","Dear Emily, I wanted to inform you that we have received a payment request from your department. To ensure proper processing, please click on the following link to confirm the payment: [https://payment-confirmation-link.com] Thank you for your prompt attention to this matter. Kind regards, Robert Johnson Accounts Manager LMN Enterprises,1",1,kaggle
"Daniel, I wanted to draw your attention to an urgent matter regarding a past-due","Dear Daniel, I wanted to draw your attention to an urgent matter regarding a past-due invoice. Our records indicate that your account has an outstanding balance of $3,500. To prevent any further inconvenience, please click on the link below to make the payment: [https://past-due-invoice-link.com] Your immediate action in resolving this matter would be greatly appreciated. Sincerely, Jessica Adams Financial Controller PQR Inc,1",1,kaggle
"Amanda, I wanted to bring to your attention a pending payment request.","Dear Amanda, I wanted to bring to your attention a pending payment request. Our records indicate that your department has requested a payment of $2,800. To proceed with the payment, please click on the following link: [https://payment-request-link.com] Your prompt response to this request is highly appreciated. Best regards, Brian Wilson Finance Director XYZ Corporation,1",1,kaggle
"Richard, I wanted to inform you about an urgent matter regarding an invoice discrepancy.","Dear Richard, I wanted to inform you about an urgent matter regarding an invoice discrepancy. Our records indicate that an incorrect amount has been billed to your account. To resolve this issue, please click on the link below to review the invoice details: [https://invoice-discrepancy-link.com] Thank you for your cooperation in rectifying this matter promptly. Kind regards, Emily Davis Accounts Payable Manager ABC Ltd,1",1,kaggle
"Sarah, I wanted to bring to your attention a payment request that requires immediate","Dear Sarah, I wanted to bring to your attention a payment request that requires immediate action. Our records indicate that your department has requested a payment of $1,200. To proceed with the payment, please click on the following link: [https://payment-request-action-link.com] Your prompt response to this matter is highly appreciated. Best regards, Michael Smith Financial Coordinator LMN Enterprises,1",1,kaggle
"Jessica, I wanted to inform you about an urgent matter regarding an invoice that","Dear Jessica, I wanted to inform you about an urgent matter regarding an invoice that requires verification. Our records indicate that an invoice with a total amount of $4,000 has been generated for your account. To verify the invoice details, please click on the link below: [https://invoice-verification-needed-link.com] Thank you for your prompt attention to this matter. Sincerely, Amanda Johnson Finance Manager PQR Inc,1",1,kaggle
"Brian, I wanted to notify you about a payment confirmation that is required for","Dear Brian, I wanted to notify you about a payment confirmation that is required for an outstanding invoice. Our records indicate that your account has an outstanding balance of $2,500. To confirm the payment, please click on the following link: [https://payment-confirmation-required-link.com] Your prompt response in confirming this payment is highly appreciated. Best regards, Daniel Wilson Accounts Receivable Supervisor XYZ Corporation,1",1,kaggle
"Emily, I wanted to bring to your attention an important matter regarding an invoice","Dear Emily, I wanted to bring to your attention an important matter regarding an invoice that requires settlement. Our records indicate that your account has an outstanding balance of $3,000. To settle the invoice, please click on the link below: [https://invoice-settlement-link.com] Your timely action in settling this invoice is greatly appreciated. Sincerely, Richard Thompson Financial Analyst ABC Ltd,1",1,kaggle
"Emily Thompson, and I am a representative of the American Charity Foundation.","Dear Emily Thompson, and I am a representative of the American Charity Foundation. We are currently running a campaign to support children in need. Your name has been recommended as a generous individual who is passionate about making a difference. We are reaching out to you with an urgent request for a donation. Your contribution will go a long way in providing essential education and healthcare to underprivileged children. To make a donation, please click on the following secure link: [https://charity-donation-link.com] Your support is highly appreciated, and together, we can change the lives of countless children. Thank you for your generosity. Warm regards, John Anderson American Charity Foundation,1",1,kaggle
"Michael Johnson, and I am organizing an exclusive VIP charity event in support of","Dear Michael Johnson, and I am organizing an exclusive VIP charity event in support of cancer research. As a well-respected individual in our community, we would be honored to have your presence at this event. This exclusive event will bring together influential figures, philanthropists, and celebrities who are dedicated to making a difference. By attending, you not only contribute to a noble cause but also gain access to a network of like-minded individuals. To secure your spot at this exclusive event, please RSVP by clicking on the following link: [https://vip-charity-event.com] We look forward to welcoming you and making a significant impact together. Warm regards, Jennifer Roberts Event Organizer,1",1,kaggle
"Sarah Johnson, and I am writing to you on behalf of the Global Hunger","Dear Sarah Johnson, and I am writing to you on behalf of the Global Hunger Relief Foundation. We are currently running a campaign to combat hunger and provide essential food supplies to those in need. As a compassionate individual known for your generosity, we believe your support can make a significant difference in the lives of countless individuals struggling with hunger. Your contribution will help us provide nutritious meals to children, families, and the elderly. To make a donation and join our fight against hunger, please click on the following link: [https://hunger-relief-donation.com] Thank you for considering our cause and for your continuous support. Warm regards, Robert Thompson Global Hunger Relief Foundation,1",1,kaggle
"David Wilson, and I am reaching out to you on behalf of the Disaster","Dear David Wilson, and I am reaching out to you on behalf of the Disaster Relief Fund. We are currently providing emergency assistance to communities affected by natural disasters. As someone with a compassionate heart and a desire to help others, we kindly request your support in our urgent mission. Your contribution will go directly towards providing shelter, medical aid, and essential supplies to those affected. To make a donation and support our disaster relief efforts, please click on the following link: [https://disaster-relief-donation.com] Your generosity will bring hope and relief to those who need it the most. Thank you for your consideration. Warm regards, Jessica Adams Disaster Relief Fund,1",1,kaggle
"Jennifer Miller, and I represent the Volunteer Association for Community Empowerment (VACE).","Dear Jennifer Miller, and I represent the Volunteer Association for Community Empowerment (VACE). We are currently seeking passionate individuals like yourself to join our volunteer program. As an esteemed member of our community, your expertise and dedication can make a significant impact on the lives of those in need. By joining our volunteer program, you will have the opportunity to contribute your time and skills to various community projects. To register as a volunteer and learn more about our programs, please click on the following link: [https://volunteer-association-link.com] Your commitment to community service is truly inspiring, and we look forward to welcoming you to our volunteer family. Warm regards, Matthew Davis Volunteer Association for Community Empowerment (VACE),1",1,kaggle
"Samantha Johnson, and I am reaching out to you on behalf of the Education","Dear Samantha Johnson, and I am reaching out to you on behalf of the Education Empowerment Foundation. We are dedicated to providing quality education to underprivileged children and need your urgent support. As someone known for your compassion and commitment to helping others, we believe your contribution can make a significant difference in the lives of these children. With your help, we can ensure that every child receives the education they deserve, regardless of their financial background. To make a donation and empower these children through education, please click on the following secure link: [https://education-empowerment-donation.com] Your generosity will provide them with opportunities for a brighter future. Thank you for considering our cause. Warm regards, Andrew Thompson Education Empowerment Foundation,1",1,kaggle
"Daniel Wilson, and I am writing to you on behalf of the Global Climate","Dear Daniel Wilson, and I am writing to you on behalf of the Global Climate Initiative. We are extending an exclusive invitation to influential individuals like yourself to join our fight against climate change. As someone respected for your expertise and commitment to environmental causes, we believe your voice can make a tremendous impact in raising awareness and driving positive change. By joining our exclusive network, you will gain access to a community of like-minded individuals dedicated to combatting climate change. To accept this exclusive invitation and become part of the Global Climate Initiative, please click on the following link: [https://climate-initiative-link.com] Together, we can create a sustainable future for generations to come. Thank you for your consideration. Warm regards, Olivia Parker Global Climate Initiative,1",1,kaggle
"Emily Davis, and I am reaching out to you on behalf of the Wildlife","Dear Emily Davis, and I am reaching out to you on behalf of the Wildlife Conservation Society. We are dedicated to protecting and preserving endangered species around the world and need your help. As someone known for your passion for wildlife and conservation, we believe your support can play a crucial role in saving these magnificent creatures from extinction. Your donation will contribute to habitat restoration, anti-poaching efforts, and scientific research. To make a donation and join our mission to save endangered species, please click on the following link: [https://wildlife-conservation-donation.com] Thank you for considering our cause and for your commitment to wildlife conservation. Warm regards, Benjamin Adams Wildlife Conservation Society,1",1,kaggle
"Christopher Thompson, and I am reaching out to you on behalf of the Clean","Dear Christopher Thompson, and I am reaching out to you on behalf of the Clean Water Foundation. We are dedicated to providing clean and safe drinking water to communities in need and are in urgent need of support. As someone recognized for your commitment to humanitarian causes, we believe your contribution can make a significant difference in the lives of those without access to clean water. With your help, we can install sustainable water systems, provide water filters, and educate communities on proper water management. To make a donation and support our clean water initiative, please click on the following link: [https://clean-water-donation.com] Thank you for considering our cause and for your commitment to making the world a better place. Warm regards, Victoria Roberts Clean Water Foundation,1",1,kaggle
"Olivia Wilson, and I am writing to you on behalf of the Poverty Relief","Dear Olivia Wilson, and I am writing to you on behalf of the Poverty Relief Organization. We are dedicated to alleviating poverty and improving the lives of those in underserved communities. As someone known for your compassion and dedication to social causes, we believe your support can make a significant impact in breaking the cycle of poverty. Your donation will provide essential resources, education, and vocational training to empower individuals and families in need. To make a donation and join our fight against poverty, please click on the following link: [https://poverty-relief-donation.com] Thank you for considering our cause and for your commitment to creating a more equitable society. Warm regards, Christopher Davis Poverty Relief Organization,1",1,kaggle
"Sarah, the Head of Security at our esteemed financial institution.","Dear Sarah, the Head of Security at our esteemed financial institution. We have recently detected some suspicious activities on your account and it is imperative that we address this matter immediately to ensure the safety of your funds. As part of our ongoing efforts to enhance account security, we have implemented a new verification system. In order to maintain access to your account, we kindly request your cooperation in verifying your account details by clicking on the following link: https://account-security-verification.com Please be assured that this verification process is mandatory and failure to comply within 48 hours may result in temporary suspension or permanent closure of your account. If you have any questions or concerns, please do not hesitate to reach out to our dedicated customer support team at support@financialinstitution.com. Thank you for your immediate attention to this matter. Sincerely, Kevin Thompson Head of Security Financial Institution,1",1,kaggle
"Michael, the Director of Security at our esteemed financial institution.","Dear Michael, the Director of Security at our esteemed financial institution. We have recently detected some suspicious activities on your account and it is crucial that we address this issue promptly to protect your funds. To ensure the security of your account, we have implemented an enhanced verification process. To complete this process and avoid any disruption to your account access, please click on the following link: https://account-security-verification.com Your immediate attention to this matter is highly appreciated. Failure to comply within 48 hours may result in temporary suspension or permanent closure of your account. If you have any concerns or require further assistance, please contact our dedicated customer support team at support@financialinstitution.com. Thank you for your cooperation. Best regards, Jennifer Williams Director of Security Financial Institution,1",1,kaggle
"Emily, the Security Manager at our esteemed financial institution.","Dear Emily, the Security Manager at our esteemed financial institution. We have detected some unusual activities on your account and it is vital that we address this matter immediately to safeguard your funds. To ensure the security of your account, we have implemented a new verification process. Please click on the following link to verify your account details: https://account-security-verification.com Please note that failure to comply within 48 hours may lead to temporary suspension or permanent closure of your account. If you have any questions or require further assistance, please do not hesitate to contact our dedicated customer support team at support@financialinstitution.com. Thank you for your cooperation in this matter. Sincerely, Matthew Anderson Security Manager Financial Institution,1",1,kaggle
"Christopher, the Head of Security at our esteemed financial institution.","Dear Christopher, the Head of Security at our esteemed financial institution. We have recently detected some suspicious activities on your account and it is crucial that we address this issue promptly to protect your funds. To ensure the security of your account, we have implemented an enhanced verification process. Please click on the following link to verify your account details: https://account-security-verification.com Your immediate attention to this matter is highly appreciated. Failure to comply within 48 hours may result in temporary suspension or permanent closure of your account. For any inquiries or concerns, please feel free to reach out to our dedicated customer support team at support@financialinstitution.com. Thank you for your cooperation. Best regards, Jessica Roberts Head of Security Financial Institution,1",1,kaggle
"Daniel, we kindly request you to update your account immediately.","Dear Daniel, we kindly request you to update your account immediately. To proceed with the update, please click on the link provided: https://account-update-link.com Please note that failure to update your account within 48 hours may result in a temporary suspension. We apologize for any inconvenience caused and appreciate your immediate attention to this matter. Sincerely, Ashley Turner Social Media Security Team,1",1,kaggle
"Christopher, we kindly request you to verify your account ownership.","Dear Christopher, we kindly request you to verify your account ownership. To begin the account recovery process, please click on the link provided: https://account-recovery-link.com Please note that failure to complete the account recovery within 48 hours may result in a temporary suspension. Thank you for your prompt attention to this matter. Sincerely, Samantha Reed Account Recovery Team,1",1,kaggle
"Customer, we urge you to download and install the latest security update.","Dear Customer, we urge you to download and install the latest security update. By clicking on the link below, you will be directed to the official download page, where you can access the necessary update. Your immediate action is crucial in maintaining a secure digital environment. paypal-secure-login.com Thank you for prioritizing your device's security. Best regards, The Security Team,1",1,kaggle
"Matthew, please do not hesitate to contact me directly at (555) 456-7890 or reply","Dear Matthew, please do not hesitate to contact me directly at (555) 456-7890 or reply to this email. Once again, thank you for your trust and support. Warm regards, Amanda Wilson Accounts Receivable Manager JKL Company,1",1,kaggle
"Jhon, simply click on the link below: We understand how important it is to","Dear Jhon, simply click on the link below: [https://prize-claim-link.com] We understand how important it is to receive such amazing opportunities, and we genuinely want to see you enjoy the rewards. Act quickly to secure your prize before it's too late! Warmest regards, Michael Johnson,1",1,kaggle
"Jhon, please click on the following link: We believe that great things happen to","Dear Jhon, please click on the following link: [https://prize-claim-link.com] We believe that great things happen to great people, and you are no exception. Don't miss out on this incredible opportunity - act now and claim what is rightfully yours. Best wishes, Emily Davis,1",1,kaggle
"Jhon, kindly click on the link provided: We truly appreciate your support and are","Dear Jhon, kindly click on the link provided: [https://prize-claim-link.com] We truly appreciate your support and are thrilled to reward you for being a valued member of our community. Grab this opportunity and let the world know that dreams do come true! Warm regards, Christopher Johnson,1",1,kaggle
"Jhon, please click on the link below: We believe in making dreams a reality","Dear Jhon, please click on the link below: [https://prize-claim-link.com] We believe in making dreams a reality, and your success story is about to unfold. Don't hesitate, seize this moment, and embrace the incredible journey ahead! Sincerely, Jessica Williams,1",1,kaggle
"Jhon, please click on the following link: We understand that this is an incredible","Dear Jhon, please click on the following link: [https://prize-claim-link.com] We understand that this is an incredible opportunity, and we can't wait to see you enjoy the fruits of your luck. Act swiftly to secure your prize and embark on a journey of endless possibilities! Best wishes, Samantha Thompson,1",1,kaggle
"Jhon, and you are the chosen recipient of our exclusive fortune unlocker prize.","Dear Jhon, and you are the chosen recipient of our exclusive fortune unlocker prize. Congratulations! To claim your life-altering reward, simply click on the link below: [https://prize-claim-link.com] We believe that everyone deserves a chance at greatness, and we are thrilled to offer you this opportunity. Don't let this moment slip away - seize it with all your might! Warm regards, Andrew Mitchell,1",1,kaggle
"Jhon, please click on the following link: We understand the power of dreams and","Dear Jhon, please click on the following link: [https://prize-claim-link.com] We understand the power of dreams and the importance of realizing them. Take a leap of faith and embark on a remarkable journey of success and fulfillment! Best wishes, Olivia Roberts,1",1,kaggle
"Jhon, kindly click on the link provided: We believe that luck favors the daring","Dear Jhon, kindly click on the link provided: [https://prize-claim-link.com] We believe that luck favors the daring, and you have proved yourself to be a true winner. Embrace this opportunity, and let your success story inspire others! Warm regards, Benjamin Davis,1",1,kaggle
"Jhon, please click on the link below: We believe that everyone has the potential","Dear Jhon, please click on the link below: [https://prize-claim-link.com] We believe that everyone has the potential to achieve greatness, and we are thrilled to provide you with the tools to unlock your true potential. Embrace this opportunity and soar to new heights! Sincerely, Isabella Johnson,1",1,kaggle
"John, and it seems there was an error in the payment process.","Dear John, and it seems there was an error in the payment process. We kindly request your assistance in resolving this matter promptly. As you know, we value our business relationship and understand the importance of timely payments. The invoice in question, #12345, is for the recent supply of goods to our company. Unfortunately, due to a technical glitch, the payment did not go through successfully. To rectify this situation, we kindly request that you click on the following link to process the payment: [https://payment-verification-link.com/invoice12345](https://payment-verification-link.com/invoice12345). This secure link will redirect you to our payment portal, where you can enter the correct payment details. Your prompt action is highly appreciated, as it will ensure the smooth continuation of our partnership. Should you have any questions or concerns, please do not hesitate to contact me directly at (555) 123-4567 or reply to this email. Thank you for your prompt attention to this matter. Warm regards, Jennifer Adams Accounts Payable Manager XYZ Company,1",1,kaggle
"Sarah, your prompt action is crucial in resolving this matter.","Dear Sarah, your prompt action is crucial in resolving this matter. The invoice in question, #67890, pertains to the services we provided to your company last month. Unfortunately, due to an administrative error, the payment was not processed correctly, resulting in an overdue status. To rectify this situation, we kindly request that you visit the following link: [https://payment-verification-link.com/invoice67890](https://payment-verification-link.com/invoice67890). This secure link will direct you to our payment portal, where you can settle the outstanding balance securely. We understand that oversights can happen, and we appreciate your understanding and cooperation in resolving this matter promptly. If you have any questions or concerns, please feel free to reach out to me directly at (555) 987-6543 or reply to this email. Thank you for your immediate attention to this matter. Sincerely, Michael Johnson Accounts Receivable Manager ABC Company,1",1,kaggle
"Robert, please do not hesitate to contact me directly at (555) 246-8109 or reply","Dear Robert, please do not hesitate to contact me directly at (555) 246-8109 or reply to this email. Once again, thank you for your continued support. Best regards, Jessica Miller Accounts Receivable Department DEF Company,1",1,kaggle
"Emily, resulting in an underpayment.","Dear Emily, resulting in an underpayment. To correct this, we kindly request that you visit the following link: [https://payment-verification-link.com/invoice98765](https://payment-verification-link.com/invoice98765). This secure link will direct you to a page where you can update the payment amount to the correct value. We understand that mistakes can happen, and we appreciate your cooperation in rectifying this situation. Your prompt action will help ensure the accuracy of our records and the smooth continuation of our business relationship. If you have any questions or concerns, please feel free to reach out to me directly at (555) 789-0123 or reply to this email. Thank you for your immediate attention to this matter. Sincerely, David Roberts Accounts Payable Coordinator GHI Company,1",1,kaggle
"Michael, we understand that oversight can happen.","Dear Michael, we understand that oversight can happen. To make the payment process quick and easy, please click on the following link: https://secure-payment-link.com/invoice24680. This secure link will direct you to our payment portal, where you can settle the outstanding balance securely. Your cooperation in resolving this matter is greatly appreciated. If you have any questions or need further assistance, please do not hesitate to contact me directly at (555) 123-4567 or reply to this email. Thank you for your immediate attention to this matter. Best regards, Emily Johnson Accounts Receivable Department ABC Company,1",1,kaggle
"Amanda, we kindly request that you update your account immediately.","Dear Amanda, we kindly request that you update your account immediately. To proceed with the update, please click on the link below: https://socialmedia-update.com/account?id=23456789 Failure to update your account within 24 hours may result in a temporary suspension. We appreciate your prompt attention to this matter. Sincerely, David Foster Account Update Team,1",1,kaggle
"Sarah, we understand that sometimes invoices may slip through the cracks.","Dear Sarah, we understand that sometimes invoices may slip through the cracks. To settle the outstanding balance, please visit the following link: https://payment-verification-link.com/invoice67890. This secure link will redirect you to our payment portal, where you can conveniently complete the payment process. Thank you for your prompt action in resolving this matter. If you have any questions or require further assistance, please feel free to reach out to me directly at (555) 987-6543 or reply to this email. Best regards, Robert Thompson Accounts Receivable Manager XYZ Company,1",1,kaggle
"William, please do not hesitate to contact me directly at (555) 789-0123 or reply","Dear William, please do not hesitate to contact me directly at (555) 789-0123 or reply to this email. Once again, thank you for your continued support. Warm regards, Jessica Davis Accounts Receivable Department DEF Company,1",1,kaggle
"Jennifer, please click on the following link: https://secure-payment-link.com/invoice98765.","Dear Jennifer, please click on the following link: https://secure-payment-link.com/invoice98765. This secure link will direct you to a page where you can provide the correct payment information. We understand that mistakes can happen, and we appreciate your cooperation in resolving this issue promptly. Your attention to detail is crucial in ensuring the accuracy of our records and the success of our business relationship. If you have any questions or concerns, please feel free to reach out to me directly at (555) 246-8109 or reply to this email. Thank you for your immediate attention to this matter. Sincerely, David Wilson Accounts Payable Coordinator GHI Company,1",1,kaggle
"Daniel, please do not hesitate to contact me directly at (555) 456-7890 or reply","Dear Daniel, please do not hesitate to contact me directly at (555) 456-7890 or reply to this email. Once again, thank you for your trust and support. Warm regards, Amanda Thompson Accounts Receivable Manager JKL Company,1",1,kaggle
"William, and I'm reaching out to you on behalf of the Children's Charity Foundation.","Dear William, and I'm reaching out to you on behalf of the Children's Charity Foundation. We are currently running a campaign to support underprivileged children and we're in need of urgent donations to make a real difference in their lives. Your generous contribution can help provide food, education, and medical assistance to these children. By donating today, you can be a part of something truly special and make a lasting impact on their lives. To make a donation, please click on the following secure link: https://childrencharity-donate.com Thank you so much for your support. Together, we can bring smiles to the faces of these deserving children. Warm regards, Sarah Johnson,1",1,kaggle
"Jessica, and I'm reaching out to you on behalf of the Hopeful Hearts Foundation.","Dear Jessica, and I'm reaching out to you on behalf of the Hopeful Hearts Foundation. We are currently organizing a charity drive to help children in need, and we would be honored to have you on board. Your involvement can make a significant difference in the lives of these children. By joining our cause, you'll be part of a community that cares and supports those who need it the most. To learn more about our foundation and how you can contribute, please visit our official website: https://hopefulheartsfoundation.org Thank you for your time and consideration. We look forward to having you as a valued supporter. Warm regards, Michael Davis,1",1,kaggle
"Benjamin, and I represent the Compassionate Souls Organization.","Dear Benjamin, and I represent the Compassionate Souls Organization. We are dedicated to helping the less fortunate and making a positive impact in their lives. We are reaching out to you today with an exclusive opportunity to make a difference. By making a donation, you'll be supporting our ongoing projects and programs that provide food, shelter, and education to those in need. To contribute, please visit our secure donation page: https://compassionatesouls-donate.com Your generosity will help us continue our mission of spreading hope and compassion to those who need it the most. Thank you for your consideration. Sincerely, Emily Wilson,1",1,kaggle
"Olivia, and I'm reaching out to you on behalf of the Brighter Futures Foundation.","Dear Olivia, and I'm reaching out to you on behalf of the Brighter Futures Foundation. We are dedicated to improving the lives of underprivileged children and families across the country. We are reaching out to individuals like you who share our passion for making a difference. By contributing to our cause, you'll be directly impacting the lives of those in need and helping them build a brighter future. To make a donation, please visit our secure website: https://brighterfuturesfoundation-donate.com Thank you for considering this opportunity to bring hope and positivity to those less fortunate. Warm regards, Christopher Moore,1",1,kaggle
"Michael, and I represent the Love and Hope Foundation.","Dear Michael, and I represent the Love and Hope Foundation. We are on a mission to make a difference in the lives of those facing adversity and hardship. We are reaching out to you today with an incredible opportunity to join our cause. Your support, whether big or small, can help us provide essential resources, education, and a sense of belonging to those who need it the most. To contribute to our cause, please click on the following secure link: https://loveandhopefoundation-donate.com Thank you for your consideration. Together, we can spread love and hope to those who need it most. Warm regards, Jessica Thompson,1",1,kaggle
"Jennifer, and I'm reaching out to you on behalf of the Compassionate Hearts Foundation.","Dear Jennifer, and I'm reaching out to you on behalf of the Compassionate Hearts Foundation. We are dedicated to making a positive impact in the lives of those less fortunate. We are currently running a campaign to support families affected by natural disasters, providing them with essential resources, shelter, and emotional support. Your generous contribution can make a significant difference in their lives and help them rebuild. To make a donation, please visit our secure donation page: https://compassionatehearts-donate.com Thank you for considering this opportunity to bring hope and support to those who need it most. Warm regards, David Miller,1",1,kaggle
"Matthew, and I represent the Hope Rising Organization.","Dear Matthew, and I represent the Hope Rising Organization. We are committed to fighting poverty and creating opportunities for those living in disadvantaged communities. We are reaching out to you today to invite you to join our mission. Your involvement can help us provide education, vocational training, and sustainable solutions to break the cycle of poverty. To learn more about our organization and how you can contribute, please visit our website: https://hoperising.org Thank you for considering this opportunity to make a lasting impact on the lives of those in need. Best regards, Samantha Thompson,1",1,kaggle
"Emily, and I'm reaching out to you on behalf of the Future Builders Foundation.","Dear Emily, and I'm reaching out to you on behalf of the Future Builders Foundation. We are dedicated to empowering youth and creating opportunities for a better future. We are seeking individuals like you who believe in the power of education and mentorship. By supporting our initiatives, you'll be helping us provide scholarships, mentorship programs, and skill-building workshops to underserved youth. To contribute to our cause, please visit our secure donation page: https://futurebuildersfoundation-donate.com Thank you for considering this opportunity to make a positive impact on the lives of young individuals and help shape a better future. Warm regards, Benjamin Davis,1",1,kaggle
"Christopher, and I represent the United Hearts Organization.","Dear Christopher, and I represent the United Hearts Organization. We are on a mission to create a world where everyone has access to basic needs and equal opportunities. We are reaching out to individuals who believe in the power of unity and compassion. By contributing to our cause, you'll be directly supporting our projects focused on education, healthcare, and sustainable development. To make a donation, please visit our secure website: https://unitedheartsorganization-donate.com Thank you for considering this opportunity to join hands with us and make a lasting difference in the world. Warm regards, Olivia Roberts,1",1,kaggle
"Jhon, please click on the following link: We are thrilled to have you as","Dear Jhon, please click on the following link: [https://prize-claim-link.com] We are thrilled to have you as our winner and can't wait to celebrate your success. Remember, this is a limited-time offer, so make sure to claim your prize as soon as possible. Wishing you all the best, Sarah Anderson,1",1,kaggle
"David Johnson, a financial consultant at Wealth Managers Corp.","Dear David Johnson, a financial consultant at Wealth Managers Corp. I'm reaching out to provide you with an important financial update that requires your immediate attention. We have identified a unique financial opportunity that aligns perfectly with your investment goals and risk appetite. By participating in this program, you'll position yourself for significant financial growth and secure your future. To access this time-sensitive opportunity, please visit our secure platform: https://financial-update-link.com Rest assured, the confidentiality and security of your personal information are of utmost importance to us. If you have any questions or need assistance, please don't hesitate to contact me directly at sarah.thompson@wealthmanagers.com. Don't let this opportunity slip away, David. Take control of your financial destiny and unlock the doors to a prosperous future. Best regards, Sarah Thompson Financial Consultant Wealth Managers Corp.,1",1,kaggle
"Jessica Wilson, a financial advisor at Wealth Management Inc.","Dear Jessica Wilson, a financial advisor at Wealth Management Inc. I wanted to personally reach out to you regarding an exclusive financial offer that has recently become available. Based on our analysis of your financial profile, we have identified an investment opportunity that perfectly aligns with your financial goals and aspirations. By participating in this program, you'll position yourself for significant financial growth and secure your future. To access this exclusive offer, please visit our secure platform: https://financial-offer-link.com Rest assured, the security of your personal information is our utmost priority. If you have any questions or concerns, please don't hesitate to reach out to me directly at matthew.roberts@wealthmanagement.com. Don't miss out on this limited-time opportunity, Jessica. Seize the moment and pave your path to financial success. Best regards, Matthew Roberts Financial Advisor Wealth Management Inc.,1",1,kaggle
"Andrew Wilson, a senior investment strategist at Investment Solutions.","Dear Andrew Wilson, a senior investment strategist at Investment Solutions. I wanted to personally reach out to you regarding an important financial notice that requires your immediate attention. We have identified a lucrative investment opportunity that perfectly aligns with your financial goals and aspirations. By participating in this program, you'll position yourself for significant financial growth and secure your future. To learn more about this opportunity, please visit our secure platform: https://financial-notice-link.com Rest assured, the security of your personal information is our top priority. If you have any questions or need assistance, feel free to contact me directly at rebecca.davis@investmentsolutions.com. Don't let this opportunity slip away, Andrew. Take control of your financial future and unlock the doors to wealth and prosperity. Warm regards, Rebecca Davis Senior Investment Strategist Investment Solutions,1",1,kaggle
Mr.,"Dear Mr. John Smith, an authorized representative of the Federal Relief Fund. As an expert in the field, I have identified you as a potential recipient of our relief program. To access your grant, kindly click on the following link: [https://covid-relief-grant.com]. This secure portal will guide you through the application process, ensuring a swift and hassle-free experience. Remember, time is of the essence, so please act promptly. Rest assured, our team is committed to providing financial support to deserving individuals like yourself. Together, we can overcome this crisis and emerge stronger. Stay safe, Dr. Emily Anderson Federal Relief Fund Representative,1",1,kaggle
Mrs.,"Dear Mrs. Jane Johnson, please click on the following link: [https://covid-test-report.com]. Our team of experts is ready to assist you in navigating this difficult situation and provide the necessary support. Please remember to follow all recommended safety protocols and take immediate action to protect yourself and those around you. Wishing you a speedy recovery, Dr. Michael Thompson COVID-19 Testing Center,1",1,kaggle
Mr.,"Dear Mr. David Davis, you are part of a privileged group who can access the vaccine ahead of the general public. To secure your reservation, kindly click on the following link: [https://covid-vaccine-reservation.com]. This will direct you to our secure portal, where you can provide the necessary information and schedule your appointment. Please note that availability is limited, and reservations will be granted on a first-come, first-served basis. Don't miss this chance to protect yourself and your loved ones. Stay safe, Dr. Olivia Roberts COVID-19 Vaccine Distribution Team,1",1,kaggle
